"System ID","UPC","EAN","Custom SKU","Manufact. SKU","Item","Remaining","Total Cost","Avg. Unit Cost","Sale Price","Margin"
"210000003470","733739033406","","","","prostate support 90 sgels NOW FOODS","1","$13.49","$13.49","$29.99","55.02%"
"210000003588","684088232357","","sovereign silver","","silver mist spray 10ppm 2oz","5","$36.15","$7.23","$14.99","51.77%"
"210000003596","684088232340","","sovereign silver","","silver vertical spray 10ppm 2oz","1","$7.23","$7.23","$14.99","51.77%"
"210000003604","684088232364","","sovereign silver","","silver dropper 10ppm 2oz","2","$14.18","$7.09","$14.99","52.7%"
"210000003976","097467030879","","","","multi adult's chew pineapple 90tbs nature's plus","2","$27.56","$13.78","$32.99","58.23%"
"210000004222","733739003652","","","","D 3 1000 IU 180sgls NOW FOODS","1","$4.04","$4.04","$8.99","55.06%"
"210000004226","733739003706","","","","D 3 liquid 2oz NOW FOODS","2","$9.98","$4.99","$9.99","50.05%"
"210000004374","041954000128","","","","orange C lozenges 15 loz zand","2","$5.50","$2.75","$4.49","38.75%"
"210000004416","726899590025","","","","chlorophyll 8oz","2","$11.88","$5.94","$11.99","50.46%"
"210000004666","741273013952","","Bach","","rescue remedy spray 20ml","1","$10.59","$10.59","$24.99","57.62%"
"210000004830","046352005195","","","","bentonite detox 16 fl oz","1","$8.01","$8.01","$16.29","50.83%"
"210000005060","033674148006","","","","marshmallow 445mg 100cps","3","$15.61","$5.20","$15.99","67.46%"
"210000005100","033674003503","","","","fenu thyme 450mg 100cps","1","$6.55","$6.55","$13.99","53.18%"
"210000005108","033674125007","","","","eyebright 100cps","3","$18.60","$6.20","$13.99","55.68%"
"210000005120","033674161005","","","","red raspberry leaves 480mg 100cps","2","$13.12","$6.56","$13.99","53.11%"
"210000005432","083000001253","","","","astragalus 1 oz","2","$14.46","$7.23","$16.99","57.45%"
"210000005436","083000005763","","","","black cohosh AF 1 oz","1","$7.22","$7.22","$16.99","57.5%"
"210000005484","083000003134","","","","ginger 1oz nature's answer","2","$14.46","$7.23","$16.99","57.45%"
"210000005488","083000006159","","","","feverfew AF 1oz","2","$12.76","$6.38","$14.99","57.44%"
"210000005496","083000006524","","","","pau d' arco inner bark 1oz","2","$14.46","$7.23","$16.99","57.45%"
"210000005500","083000006456","","","","milk thistle AF1 oz","1","$6.00","$6.00","$14.99","59.97%"
"210000005506","083000004049","","","","milk thistle 1 oz natures answer","2","$13.60","$6.80","$15.99","57.47%"
"210000005510","083000004124","","","","mullein 1 oz","3","$17.85","$5.95","$15.99","62.79%"
"210000005514","083000004544","","","","peppermint 1oz","1","$6.39","$6.39","$14.99","57.37%"
"210000005538","083000001963","","","","vitex 1 oz nature's answer","2","$12.22","$6.11","$13.99","56.33%"
"210000005888","759051050310","","","wellgenix","balanced essential liq. vit. 32oz wellgenix","1","$20.96","$20.96","$35.99","41.76%"
"210000005970","027917001135","","","","PB8 acidophilus 60cps veg","6","$42.24","$7.04","$16.99","58.56%"
"210000005974","027917003573","","","","PB8 acidophilus 120cps veg","4","$46.92","$11.73","$26.99","56.54%"
"210000006270","021078003298","","","","zinc amino acid chelate 50mg 100tbs","1","$4.49","$4.49","$9.99","55.06%"
"210000006272","354973325777","","","","Calms Forte Sleep Aid 100 tbs","1","$7.92","$7.92","$13.99","43.39%"
"210000006278","083000004247","","","","nettle 1oz","2","$13.60","$6.80","$15.99","57.47%"
"210000006282","083000003226","","","","ginseng american 1oz","2","$20.44","$10.22","$23.99","57.4%"
"210000006850","097467044609","","","","papaya enzyme 180tbs nature's plus","1","$4.98","$4.98","$12.49","60.13%"
"210000006948","046985017718","","","","zinc elderberry 1.2 oz roll","11","$20.90","$1.90","$3.99","52.38%"
"210000006952","046985016650","","","","zinc ech cherry mint 1.36oz roll","18","$34.98","$1.94","$3.99","51.29%"
"210000007364","097467336483","","","","calcium magnesium vitamin D3 + K2 chocolate chewable 60 nature's plus","3","$23.01","$7.67","$15.39","50.16%"
"210000007860","021078013020","","","","essential enzymes source naturals","1","$6.60","$6.60","$21.99","69.99%"
"210000007956","033674173008","","","","st. john's wort nature's way","1","$6.50","$6.50","$14.49","55.14%"
"210000008165","306969998519","","","","oscillococcinum 6 doses","4","$34.84","$8.71","$16.99","48.73%"
"210000008189","021078010432","","","","oregano oil 1oz wellness source naturals","2","$29.18","$14.59","$32.99","55.77%"
"210000008270","306962607609","","","","coldcalm 60tbs","6","$40.56","$6.76","$12.99","47.96%"
"210000008352","033674792704","","","","leg veins","2","$15.30","$7.65","$15.99","52.16%"
"210000008374","033984013186","","","","glucosamine chondroitin MSM triple strength 60tbs solgar","1","$15.64","$15.64","$39.99","60.89%"
"210000008402","759051050105","","","","sea essentials 32oz wellgenix","1","$15.82","$15.82","$22.50","29.69%"
"210000008408","097467308725","","","","multi adult chew exotic 90tbs nature's plus","3","$41.34","$13.78","$31.99","56.92%"
"210000008486","831060001856","","","","silver biotics 8oz","1","$15.95","$15.95","$32.99","51.65%"
"210000009550","097467307018","","","","multi source of life liquid gold 30oz","3","$58.92","$19.64","$59.99","67.26%"
"210000009558","097467039506","","","","kelp 300tbs nature's plus","3","$20.10","$6.70","$11.49","41.69%"
"210000009778","041954000142","041954353828","","","herbalozenge cherry echinacea zinc 15 loz bag zand","12","$31.32","$2.61","$4.49","41.87%"
"210000011044","083000003943","","","","marshmallow 1oz nature's answer","1","$6.38","$6.38","$13.99","54.4%"
"210000011048","083000002410","","","","damiana 1oz","1","$6.80","$6.80","$15.99","57.47%"
"210000011052","083000008962","","","","red raspberry 1oz","2","$10.20","$5.10","$11.99","57.46%"
"210000011056","083000005336","","","","valerian 1oz","3","$21.66","$7.22","$16.99","57.5%"
"210000011060","083000003431","","","","hawthorn 1oz","2","$10.50","$5.25","$13.99","62.47%"
"210000011068","083000002595","","","","don quai 1oz","2","$13.60","$6.80","$15.99","57.47%"
"210000011858","733739016850","","now","","omega 3 mini softgels 180gls NOW FOODS","2","$17.98","$8.99","$18.99","52.66%"
"210000012326","033674151617","","","","umcka cold flu orange tablets 20tbs","3","$33.09","$11.03","$20.99","47.45%"
"210000012412","083000163876","","","","gingko 60cps nature's answer","2","$20.38","$10.19","$19.99","49.02%"
"210000012680","083000003196","","","","gingko low alcohol 1oz","3","$21.66","$7.22","$16.99","57.5%"
"210000013774","083000261886","","","","sambucus elderberry spray 2oz nature's answer","2","$13.00","$6.50","$12.99","49.96%"
"210000013924","023542109413","","","","kyolic garlic #109 blood pressure 80cps","2","$29.80","$14.90","$29.89","50.15%"
"210000013940","097467010444","","","","D chew 90 tbs","3","$20.34","$6.78","$16.99","60.09%"
"210000014188","726899590131","","","","chlorophyll 100mg 16oz  world organic","1","$7.54","$7.54","$18.99","60.29%"
"210000014562","043952000377","","","","barley grass 250tbs pines","2","$20.14","$10.07","$19.69","48.86%"
"210000014852","354973292840","","","","veratrum album 30x 250tbs","2","$9.00","$4.50","$5.00","10%"
"210000015122","083000001697","","","","burdock 1 oz natures answer","1","$5.95","$5.95","$13.99","57.47%"
"210000015138","083000005633","","","","yarrow 1 oz","2","$11.24","$5.62","$14.99","62.51%"
"210000015142","083000006128","","","","echinacea af 1 oz","2","$15.30","$7.65","$16.99","54.97%"
"210000015154","083000001369","","","","black walnut 1 oz","2","$14.46","$7.23","$16.99","57.45%"
"210000015536","733739014504","","now","","potassium chloride NOW FOODS","1","$4.49","$4.49","$8.99","50.06%"
"210000015666","741273003922","","Bach","","rescue remedy 20ml","1","$9.35","$9.35","$24.99","62.59%"
"210000015678","097467024809","","","","C super complex 90 tabs","4","$63.88","$15.97","$29.99","46.75%"
"210000015974","021078016236","","","","potassium iodide / iodine 32.5mg 60tbs source naturals","2","$10.66","$5.33","$12.49","57.33%"
"210000016063","021078009870","","","","gaba calm 60 lozenges source naturals","1","$6.53","$6.53","$16.99","61.57%"
"210000017142","733739026309","","","","chlorella 1000mg 60tbs","3","$20.22","$6.74","$14.99","55.04%"
"210000017612","083000006609","","","","raspberry leaf af 1oz","1","$6.80","$6.80","$15.99","57.47%"
"210000017708","733739047540","","","","rhodiola 500mg 60 vcaps","2","$30.58","$15.29","$33.99","55.02%"
"210000018340","041954431564","","","","herbalozenge menthol 15 loz bag zand","13","$34.07","$2.62","$4.49","41.63%"
"210000018882","083000002663","","","","echinacea & goldenseal OG alc1oz","3","$24.21","$8.07","$18.99","57.5%"
"210000019700","733739014801","","","","selenium 100mcg 100tbs","1","$3.59","$3.59","$7.99","55.07%"
"210000019712","733739012517","","now","","calcium magnesium vitamin D 120 sgls NOW FOODS","1","$8.09","$8.09","$17.99","55.03%"
"210000019800","654668102530","","","","osha mt rose 1oz","2","$19.12","$9.56","$20.99","54.45%"
"210000020382","033674151594","","","","umcka cold and flu berry chewable tablets","2","$22.06","$11.03","$24.99","55.86%"
"210000020538","083000006807","","","","valerian alc free1oz","3","$21.66","$7.22","$16.99","57.5%"
"210000020590","097467072848","","","","turmeric 400mg 60vcps nature's plus","2","$23.56","$11.78","$24.99","52.86%"
"210000020716","033674153857","","","","pomegranate 60vcps","3","$30.60","$10.20","$18.99","46.29%"
"210000020980","306969338049","","","","sinus calm sinusalia","1","$6.76","$6.76","$13.99","51.68%"
"210000021562","684088232319","","sovereign silver","","silver dropper 10ppm 4oz","5","$55.50","$11.10","$24.99","55.58%"
"210000021566","684088232333","","sovereign silver","","silver dropper 10ppm 8oz","2","$33.74","$16.87","$34.99","51.79%"
"210000021570","684088232371","","sovereign silver","","silver cap 10ppm 16oz","3","$77.37","$25.79","$49.99","48.41%"
"210000021632","741273014515","","Bach","","pastilles original 50gm","10","$70.40","$7.04","$12.99","45.8%"
"210000022018","020065100026","","","","Swedish Bitters 3.38 oz","2","$15.12","$7.56","$14.99","49.57%"
"210000022022","020065100033","","","","Swedish Bitters 8.45 oz","1","$15.47","$15.47","$28.99","46.64%"
"210000022717","733739028112","","","","D-Mannose 500mg 120 veg caps NOW FOODS","3","$28.77","$9.59","$29.99","68.02%"
"210000023012","733739003720","","","","D 3 5000 IU 120sgls","2","$11.68","$5.84","$12.99","55.04%"
"210000023124","710363566883","","","","multi women's living green 90gls irwin","1","$18.55","$18.55","$34.99","46.98%"
"210000023128","710363566890","","","","multi men's living green 90gls irwin","3","$59.13","$19.71","$38.99","49.45%"
"210000023252","097467307377","","","","vitamin K 2 whole food 60vcps source of life nature's plus","2","$22.44","$11.22","$22.99","51.2%"
"210000023766","741273014089","","bach","","rescue sleep aid","1","$7.06","$7.06","$15.99","55.85%"
"210000025597","733739051561","","now","","empty ""0"" gelatin capsules 250 NOW FOODS","4","$12.56","$3.14","$6.99","55.08%"
"210000025625","021078007067","","","","melatonin 1mg sub orange 100tbs source naturals","1","$3.72","$3.72","$8.59","56.69%"
"210000025895","083000006289","","","","goldenseal AF 1oz","3","$33.78","$11.26","$21.99","48.79%"
"210000028475","733739003768","","now","","D 3 10000 IU 120sgls NOW FOODS","2","$15.28","$7.64","$16.99","55.03%"
"210000028522","710363262372","","","","gingko smart","1","$12.79","$12.79","$15.00","14.73%"
"210000028530","710363585501","","irwin naturals","","power to sleep 2 mg melatonin  60sgls irwin","2","$25.58","$12.79","$22.99","44.37%"
"210000028534","710363580513","","","","sunny mood 75 liquigels","2","$35.82","$17.91","$34.99","48.81%"
"210000028868","097467043831","","","","dental care probiotic 60loz nature's plus","2","$28.36","$14.18","$32.99","57.02%"
"210000029150","733739007902","","","","vit C crystals 8oz NOW FOODS","2","$13.48","$6.74","$14.99","55.04%"
"210000029154","733739017444","","","","cod liver oil 1000mg 180sgls","1","$12.59","$12.59","$25.99","51.56%"
"210000029775","854936003129","","bionutrition","","moringa 5000mg bio nutrition","2","$18.44","$9.22","$19.99","53.88%"
"210000030391","097467013209","","","","B-50 balanced complex 90cps nature's plus","2","$22.94","$11.47","$22.99","50.11%"
"210000030961","733739026750","","","","kelp 325 mcg 250vcps NOW FOODS","1","$8.09","$8.09","$17.99","55.03%"
"210000031001","083000006548","","","","passionflower AF 1oz","2","$11.26","$5.63","$14.99","62.44%"
"210000031831","733739051509","","","","empty ""0"" gelatin caps 1000 NOW FOODS","2","$15.28","$7.64","$14.99","49.03%"
"210000031835","733739051042","","","","empty ""0"" v caps 1000 NOW FOODS","2","$24.28","$12.14","$26.99","55.02%"
"210000032361","023542100205","","","","garlic liquid 2oz","2","$21.50","$10.75","$20.99","48.79%"
"210000032497","083000006364","","","","hawthorn AF 1oz","1","$5.63","$5.63","$12.99","56.66%"
"210000032592","733739051066","","","","empty ""00"" v caps 250 NOW FOODS","1","$5.84","$5.84","$12.99","55.04%"
"210000033189","083000164057","","","","kava-6 100mg 90vcps natures answer","6","$137.64","$22.94","$34.99","34.44%"
"210000033681","733739051080","","","","empty ""00"" v caps 750 NOW FOODS","1","$13.49","$13.49","$29.99","55.02%"
"210000034011","710363579791","","","","mega b-complex 60 liquigels irwin","3","$35.54","$11.85","$25.99","54.42%"
"210000034023","840081411599","","","","hair follicle stimulator for women 60liquigels","2","$47.98","$23.99","$46.99","48.95%"
"210000034047","710363583156","","","","mighty moringa 60liquigels","1","$11.19","$11.19","$23.99","53.36%"
"210000034063","710363262457","","","","prosta strong 90liquigels irwin","2","$44.78","$22.39","$44.99","50.23%"
"210000034067","710363263546","","","","green tea fat metabolizer 75liquigels","2","$31.98","$15.99","$29.99","46.68%"
"210000034099","083000006418","","","","kava-6 1 fl. oz AF","1","$9.35","$9.35","$19.99","53.23%"
"210000034190","097467487161","","","","T-male max 60cps nature's plus","2","$0.02","$0.01","$42.99","99.98%"
"210000034483","","","","","bottle glass blue cobalt dropper empty 2oz","19","$21.85","$1.15","$2.69","57.25%"
"210000034569","","","","","clear glass empty spice jar shaker","7","$7.63","$1.09","$2.39","54.39%"
"210000034846","733739012975","","","","magnesium citrate 90sgls NOW FOODS","1","$8.09","$8.09","$17.99","55.03%"
"210000035003","710363578602","","","","steel libido red","1","$15.99","$15.99","$31.99","50.02%"
"210000035383","083000008016","","","","black walnut wormwood AF 1oz nature's answer","2","$15.30","$7.65","$17.99","57.48%"
"210000035581","083000003103","","","","gentian root 2oz nature's answer","5","$48.25","$9.65","$22.99","58.03%"
"210000036501","083000163067","","","","nettle 90vcps","2","$13.24","$6.62","$11.99","44.79%"
"210000036547","733739051110","","","","empty ""000"" gelatin capsules 200 NOW FOODS","1","$8.54","$8.54","$18.99","55.03%"
"210000037101","097467025646","","","","quercetin plus 90tbs","2","$23.16","$11.58","$25.99","55.44%"
"210000037273","733739032515","","","","astaxanthin 4 mg 60sgels NOW FOODS","1","$8.99","$8.99","$19.99","55.03%"
"210000038120","700596000001","","","","xclear nasal spray 1.5 oz","1","$6.37","$6.37","$12.99","50.96%"
"210000038134","855717003024","","","","arnica 12c ollois","4","$13.76","$3.44","$7.99","56.95%"
"210000038138","855717003000","","","","arnica 30c ollois","1","$4.07","$4.07","$7.99","49.06%"
"210000038142","855717003031","","","","arnica 200ck ollois","2","$8.54","$4.27","$9.49","55.01%"
"210000038206","083000163418","","","","turmeric- 3 90vcps","2","$33.28","$16.64","$35.99","53.76%"
"210000038328","027917001128","","","","PB8 acidophilus 120cps original","6","$76.66","$12.78","$26.99","52.66%"
"210000038472","033984023192","","","","quercetin complex 100vcps solgar","3","$30.99","$10.33","$27.99","63.09%"
"210000038486","665231120011","","","","black seed oil 1oz amazing herbs","1","$3.60","$3.60","$8.99","59.96%"
"210000038552","083000263705","","","","UT Answer 4 oz.","1","$13.88","$13.88","$34.99","60.33%"
"210000038704","708249000019","","","","capsule machine ""00""","3","$34.26","$11.42","$19.79","42.29%"
"210000038706","708249001009","","","","capsule machine ""0""","2","$21.60","$10.80","$19.99","45.97%"
"210000038796","665231130904","","","","black seed 90 soft gel amazing herbs","1","$12.60","$12.60","$29.99","57.99%"
"210000038802","733739033345","","","","red yeast rice w/CoQ10 OG 120vcps NOW FOODS","1","$22.49","$22.49","$48.99","54.09%"
"210000039076","741273015284","","","","rescue sleep liq melts 28ct","1","$5.78","$5.78","$12.99","55.5%"
"210000039179","051494101711","","","","blood builder 60tbs","2","$23.18","$11.59","$27.99","58.59%"
"210000039182","706195001791","","","","slippery elm 1oz OWH","2","$20.00","$10.00","$19.99","49.97%"
"210000039210","706195000954","","","","echinacea 90vcps OWH","1","$11.90","$11.90","$24.99","52.38%"
"210000039212","706195000916","","","","olive leaf extract 90vcps OWH","2","$28.00","$14.00","$27.99","49.98%"
"210000039236","706195000411","","","","wormwood 90vcps OWH","4","$50.00","$12.50","$24.99","49.98%"
"210000039238","706195000442","","","","cascara sagrada 90vcps","1","$7.20","$7.20","$10.00","28%"
"210000039404","706195000534","","","","saw palmetto 90vcps","1","$16.00","$16.00","$31.99","49.98%"
"210000039435","801541508174","","","","moringa 90vcp organic india","2","$19.84","$9.92","$24.99","60.3%"
"210000039547","706195004303","","","","black cohosh 90vcps","2","$20.00","$10.00","$12.50","20%"
"210000039559","706195000268","","","","dandelion root 90vcps","3","$39.00","$13.00","$25.99","49.98%"
"210000039577","706195001623","","","","white willow 1oz","2","$16.00","$8.00","$9.90","19.19%"
"210000039595","306969032282","","","","chestal w/honey 6.7 oz","1","$6.62","$6.62","$13.99","52.68%"
"210000039619","684088232296","","","","silver mist spray 10ppm 1oz","5","$25.67","$5.13","$9.99","48.61%"
"210000039700","732894035126","","","","Bioastin supreme 60sgls","1","$14.84","$14.84","$29.89","50.35%"
"210000040077","710363585365","","irwin naturals","","power to sleep pm 60gls pm 6 mg melatonin irwin","1","$13.43","$13.43","$21.99","38.93%"
"210000040282","021078102816","","","","elderberry fluid extract 4oz planetary herbals","1","$8.32","$8.32","$15.99","47.97%"
"210000040293","665231380064","","","","yohimbe 1oz","1","$11.52","$11.52","$27.99","58.84%"
"210000040596","665231120080","","","","black seed oil 8oz amazing herbs","1","$17.80","$17.80","$29.99","40.65%"
"210000040679","021078105015","","","","DGL 200tbs","2","$26.98","$13.49","$24.99","46.02%"
"210000040954","603225401203","","","","hypnotic sleep aid 1oz four elements","3","$27.99","$9.33","$17.99","48.14%"
"210000041013","083000263750","","","","UT Answer 90vcps","1","$15.75","$15.75","$32.99","52.26%"
"210000041085","","","","","glass bottle empty amber w/CAP 2oz","10","$7.80","$0.78","$1.59","50.94%"
"210000041134","097467336049","","","","magnesium kalmassure orange powder 1.15lbs nature's plus","4","$38.35","$9.59","$26.95","64.42%"
"210000041292","733739001139","","","","L lysine 1000mg 100tbs NOW FOODS","3","$22.92","$7.64","$16.99","55.03%"
"210000041330","046352001081","","","","psyllium husk 180 vcps","2","$16.80","$8.40","$17.99","53.31%"
"210000041564","354973326613","","","","arnica 30x 50 tabs hyland's","2","$13.58","$6.79","$12.99","47.73%"
"210000041596","033674151488","","","","umcka cold & flu berry syrup 4oz","3","$33.09","$11.03","$24.99","55.86%"
"210000041704","0706502","","","","honees drops","8","$5.68","$0.71","$1.49","52.35%"
"210000041745","733739005052","","","","B12 methyl 5000mcg 90vcpa NOW FOODS","1","$13.49","$13.49","$29.99","55.02%"
"210000041913","665231170016","","","","moringa leaf 1oz","1","$10.56","$10.56","$13.00","18.77%"
"210000042056","710363586379","","","","turmeric whole-body extra 60liquigels irwin","3","$39.17","$13.06","$25.99","49.76%"
"210000042176","306969033289","","","","kids chestal cough & cold 6.7 oz","1","$6.22","$6.22","$12.99","52.12%"
"210000042182","355724003050","","","","hair revive 120cps ridgecrest herbals","2","$42.00","$21.00","$45.99","54.34%"
"210000042210","083000163609","","","","bacopa 90vcps","2","$20.68","$10.34","$22.99","55.02%"
"210000042302","097467307346","","","","B12 OG whole food 60vcps nature's plus","3","$26.85","$8.95","$19.99","55.23%"
"210000042310","097467307353","","","","D 3 OG whole food 60vcps nature's plus","3","$35.94","$11.98","$24.99","52.06%"
"210000042312","097467307322","","","","B complex OG whole food","2","$27.14","$13.57","$26.99","49.72%"
"210000042376","079911034992","","","","nasal spray 1.5fl oz saline & aloe","2","$13.46","$6.73","$15.99","57.91%"
"210000042378","083000004780","","","","pumpkin seed extract 1oz","2","$13.60","$6.80","$15.99","57.47%"
"210000042799","021078007975","","","","adult multiple life force energy activator 120tbs source naturals","1","$21.95","$21.95","$46.99","53.29%"
"210000042855","733739004789","","","","niacinamide 500mg 100cps NOW FOODS","2","$10.78","$5.39","$11.99","55.05%"
"210000042863","088395015403","","","","fish oil 6.7oz","1","$0.01","$0.01","$28.99","99.97%"
"210000042873","706195001166","","","","valerian 1oz","1","$8.50","$8.50","$16.99","49.97%"
"210000043237","674306523701","","","","thrive probiotic 30cps","1","$28.26","$28.26","$45.99","38.55%"
"210000043255","684088232388","","","","silver cap 10ppm 32oz","2","$72.64","$36.32","$74.99","51.57%"
"210000043299","733739012326","","","","calcium citrate 250tbs NOW FOODS","2","$32.38","$16.19","$23.00","29.61%"
"210000043704","021078008163","","","","pycnogenol 25mg 60tbs source naturals","2","$26.98","$13.49","$27.99","51.8%"
"210000043784","021078008484","","","","zinc complex optizinc 120tbs source naturals","2","$12.46","$6.23","$12.89","51.67%"
"210000043954","","","","","glass bottle empty amber w/MISTER 2oz","19","$19.00","$1.00","$2.29","56.33%"
"210000043994","021078016847","","","","calcium coral magnesium 2:1 180cps source naturals","4","$55.76","$13.94","$29.99","53.52%"
"210000043996","335824000531","","","","Oreganol 1oz","1","$22.94","$22.94","$42.99","46.64%"
"210000044268","851469000915","","","","liver kidney 90vcaps organic india","1","$11.15","$11.15","$24.99","55.38%"
"210000044566","070650000026","","706524","","honees menthol drops","17","$12.07","$0.71","$1.49","52.35%"
"210000044568","070650000019","","706514","","honees milk & honey drops","21","$14.07","$0.67","$1.49","55.03%"
"210000044821","710363568214","","","","stress defy 84 softgels","2","$39.66","$19.83","$24.00","17.38%"
"210000044823","710363592059","","","","maca root 75 liquigels","1","$15.99","$15.99","$33.32","52.01%"
"210000044837","710363585983","","","","testosterone up red 60 liquigels irwin","3","$63.33","$21.11","$39.99","47.21%"
"210000044839","710363585372","","","","5 htp extra 60 liqigels Irwin naturals","1","$12.79","$12.79","$25.99","50.79%"
"210000044841","710363591854","","","","beet root red 60 liquigels irwin","2","$35.98","$17.99","$29.99","40.01%"
"210000044918","021078003205","","","","potassium chelate 99mg 100tbs source naturals","3","$11.82","$3.94","$8.69","54.66%"
"210000045044","733739000309","","","","L-arginine 500mg 100cps NOW FOODS","2","$11.68","$5.84","$11.99","51.29%"
"210000045062","","","","","jar glass amber empty 2oz","20","$25.00","$1.25","$2.79","55.2%"
"210000045096","710363585495","","","","milk thistle liver detox 60sgls irwin","5","$71.35","$14.27","$29.99","52.42%"
"210000045213","733739046604","","","","echinacea purpurea 400mg 100vcps NOW FOODS","1","$5.39","$5.39","$11.99","55.05%"
"210000045289","892392002003","","","","cordyceps powder OG 100gm om","2","$27.52","$13.76","$26.99","49.02%"
"210000045439","733739030108","","","","7-KETO dhea 90vcps NOW FOODS","2","$22.48","$11.24","$24.99","55.02%"
"210000045462","733739046659","","","","echinacea & goldenseal 100cap NOW FOODS","1","$13.49","$13.49","$19.90","32.21%"
"210000045610","021888121410","","","","Vit D3 2500 iu 50 berry gummies","1","$11.19","$11.19","$14.00","20.07%"
"210000045622","733739018144","","","","garlic 5000 mcg 90tbs NOW FOODS","2","$23.38","$11.69","$25.99","55.02%"
"210000045630","733739047755","","","","willow bark extract 400mg 100cps NOW FOODS","2","$12.58","$6.29","$13.99","55.04%"
"210000045749","733739014542","","","","potassium iodide 30mg 60 tbs NOW FOODS","2","$11.68","$5.84","$12.99","55.04%"
"210000045751","733739047526","","","","senna leaves 470mg 100vcps NOW FOODS","2","$10.78","$5.39","$11.99","55.05%"
"210000045929","083000262340","","","","sambucus elderberry mega gummies 7x 30  nature's answer","1","$17.48","$17.48","$19.90","12.16%"
"210000045955","733739030429","","","","alpha lipoic acid 250mg 60caps NOW FOODS","1","$8.99","$8.99","$17.99","50.03%"
"210000045963","892392002041","","","","turkey tail powder OG 100gm","2","$27.52","$13.76","$26.99","49.02%"
"210000045965","857727004091","","","","chaga powder OG 100gm","4","$53.12","$13.28","$26.99","50.8%"
"210000046090","727783901118","","","","holy basil force 30vcps new chapter","1","$11.61","$11.61","$13.00","10.69%"
"210000046166","603225412094","","","","teasel 1oz four elements","3","$17.97","$5.99","$7.40","19.05%"
"210000046273","070650004048","","","","honees cough drops lemon menthol 20ct","5","$9.25","$1.85","$3.69","49.86%"
"210000046682","046985211901","","","","cough lozenges cherry 18lozenges","4","$12.76","$3.19","$5.99","46.74%"
"210000046686","733739013057","","","","magnesium transporters 180vcps NOW FOODS","1","$14.39","$14.39","$29.99","52.02%"
"210000046766","710363595456","","","","CBD turmeric 60 sgls irwin","1","$18.55","$18.55","$37.99","51.17%"
"210000046851","733739018403","","","","pumpkin seed oil 1000 mg 100sgls NOW FOODS","1","$8.09","$8.09","$17.99","55.03%"
"210000046873","097467336063","","","","magnesium kalmassure unflavored powder 360g nature's plus","4","$63.88","$15.97","$31.99","50.08%"
"210000047043","070650004031","","","","honees cough drops menthol bag 20ct","1","$1.95","$1.95","$3.59","45.68%"
"210000047158","733739001665","","","","L-tryptophan 500mg 60vcps NOW FOODS","1","$9.89","$9.89","$21.99","55.03%"
"210000047245","710363594619","","","","liver detox & blood refresh 60sgls irwin","2","$31.98","$15.99","$31.99","50.02%"
"210000047637","854936003815","","","","pine pollen 1500mg 90vcps","2","$16.08","$8.04","$19.99","59.78%"
"210000047667","083000160899","","","","liver support 90vcps","1","$11.72","$11.72","$23.99","51.15%"
"210000047736","641356159419","","","","congestion & sinus blaster spray 1oz","1","$8.50","$8.50","$17.99","52.75%"
"210000047776","733739047007","","","","gotu kola 450mg 100vcps NOW FOODS","2","$10.78","$5.39","$11.99","55.05%"
"210000047860","850684006504","","","","Plus +cbd full spectrum gold peppermint 5mg 2oz","1","$38.39","$38.39","$63.99","40.01%"
"210000047918","021078019312","","","","huperzine 120 tabs source naturals","2","$32.38","$16.19","$29.99","46.02%"
"210000048306","733739004918","","","","methyl folate 1000mcg 90 tablets now NOW FOODS","3","$29.67","$9.89","$21.99","55.03%"
"210000048308","021078002611","","","","magnesium malate 1250mg 90tbs source naturals","1","$5.43","$5.43","$12.99","58.2%"
"210000048564","733739000941","","","","L Glutamine 1000mg 120vcps NOW FOODS","1","$10.79","$10.79","$23.99","55.02%"
"210000048969","605069005821","","","","party smart single vcap himalaya","2","$2.44","$1.22","$1.70","28.24%"
"210000048975","605069401012","","","","ashwagandha 60 vegan caplets himalaya","1","$12.50","$12.50","$24.99","49.98%"
"210000049027","710363597153","","","","pure defense mushrooms 60 liquigels irwin","2","$29.42","$14.71","$18.00","18.28%"
"210000049055","076855700280","","","","pill splitter","1","$3.85","$3.85","$5.97","35.51%"
"210000049057","076855700297","","","","pill pulverizer","1","$3.80","$3.80","$4.79","20.67%"
"210000049174","021078019060","","","","benfotiamine 150mg 60tbs source naturals","2","$14.38","$7.19","$15.89","54.75%"
"210000049267","021078000211","","","","wellness formula 45cps source naturals","6","$40.44","$6.74","$13.99","51.82%"
"210000049269","021078000228","","","","wellness formula 90cps source naturals","4","$51.32","$12.83","$26.99","52.46%"
"210000049332","843119100878","","","","CW hemp cbd recovery ginger 10mg 60gummies","2","$56.98","$28.49","$47.99","40.63%"
"210000049356","051494102664","","","","multi women over 40 one daily 60tbs","3","$51.72","$17.24","$39.99","56.89%"
"210000049358","051494101070","","","","multi men one daily 60tbs","1","$16.09","$16.09","$39.99","59.76%"
"210000049551","021078016281","","","","pomegranate extract 500mg 120tbs source naturals","1","$8.99","$8.99","$19.99","55.03%"
"210000049557","021078000501","","","","genistein soy complex 1000mg 120 source naturals bb 7/26","2","$24.76","$12.38","$16.90","26.75%"
"210000049617","021078012542","","","","glucosamine chondroitin msm 120tbs source naturals","1","$14.43","$14.43","$29.99","51.88%"
"210000049631","605069404013","","","","triphala 60 caplets himalaya","1","$8.25","$8.25","$19.99","58.73%"
"210000049635","605069422017","","","","bitter melon 60 caplets himalaya","2","$8.26","$4.13","$19.99","79.34%"
"210000049655","855717003451","","","","borax 30c ollois","1","$3.82","$3.82","$8.49","55.01%"
"210000049700","076630169813","","","","Ester C  bioflavinoid 1000mg 90tbs","2","$24.76","$12.38","$24.99","50.46%"
"210000049716","765704125045","","","","rocky mountain throat syrup 4oz","20","$133.40","$6.67","$15.99","58.29%"
"210000049718","765704125083","","","","rocky mountain throat syrup 8oz","24","$269.76","$11.24","$28.99","61.23%"
"210000049774","710363598150","","","","CBD 30mg 60 liquid softgels irwin","2","$55.74","$27.87","$33.00","15.55%"
"210000049860","734027909014","","","","ginger rescue strong chewable tablets","8","$29.12","$3.64","$6.99","47.93%"
"210000050010","854936003303","","","","krill 500 mg 45 sgls","1","$10.33","$10.33","$22.99","55.07%"
"210000050239","843119100786","","","","CBD orange blossom 1oz 17mg/serving charlotte's web","2","$40.30","$20.15","$39.99","49.61%"
"210000050253","850502007119","","","","men's shilajit 60caps","4","$60.26","$15.07","$29.99","49.77%"
"210000050415","710363596095","","","","CBD 1000mg unflavored 1oz irwin","2","$56.30","$28.15","$49.99","43.69%"
"210000050505","733739007407","","","","acerola extract powder 6oz","1","$7.19","$7.19","$15.99","55.03%"
"210000050719","021078106692","","","","turmeric 2oz","2","$14.18","$7.09","$16.49","57%"
"210000050780","892392002096","","","","lion's mane powder OG 100gm","1","$13.28","$13.28","$26.99","50.8%"
"210000051200","674306989194","","","","thrive probiotic 90cps 3 month supply","1","$73.80","$73.80","$124.99","40.96%"
"210000051206","021078004486","","","","calcium ascorbate vitamin C crystals 8oz source naturals","1","$9.79","$9.79","$21.79","55.07%"
"210000051251","335824000920","","","","OregaResp 1oz","1","$22.94","$22.94","$49.99","54.11%"
"210000051287","767963072696","","","","empty ""00"" gelatin caps 100 Starwest small bag","2","$5.20","$2.60","$4.49","42.09%"
"210000051289","767963072702","","","","empty ""00"" gelatin capsules 500 Starwest large silver bag","1","$9.31","$9.31","$13.99","33.45%"
"210000051406","097467044081","","","","bromelain 500mg nature's plus","2","$24.44","$12.22","$29.99","59.25%"
"210000051419","856210008974","","","","mushroom master blend 3.17oz om","3","$41.28","$13.76","$26.99","49.02%"
"210000051474","367703206093","","","","bronchial clear 90tabs","1","$9.00","$9.00","$10.90","17.43%"
"210000051663","850019274028","","","","cv defense daily immune support  60 caps","1","$17.99","$17.99","$6.00","-199.83%"
"210000051682","750988000331","","","","arnica drops 30 lozenges","1","$3.48","$3.48","$6.99","50.21%"
"210000051766","838451002614","","","","chanca piedra stone breaker 1oz","1","$7.65","$7.65","$14.99","48.97%"
"210000051862","843119102391","","","","CBD hemp infused balm 150 mg  .05 oz charlotte's web","1","$5.99","$5.99","$6.00","0.17%"
"210000052017","767963041906","","","","empty ""00"" vegetarian capsules 1000 starwest","1","$27.75","$27.75","$36.99","24.98%"
"210000052330","855717003345","","","","gelsemium 30c","4","$17.24","$4.31","$8.99","52.06%"
"210000052367","002110600101","","","","nature's lining stomach strengthener","2","$33.50","$16.75","$16.50","-1.52%"
"210000052371","767963041814","","","","empty ""0"" vegetarian capsules 500 Starwest large silver bag","1","$12.30","$12.30","$22.99","46.5%"
"210000052372","767963041890","","","","empty 00 vcaps vegetarian capsules 500 ct starwest","3","$51.75","$17.25","$26.99","36.09%"
"210000052374","733739018359","","","","omega 3 6 9 100sftgls NOW FOODS","1","$7.19","$7.19","$15.99","55.03%"
"210000052412","083000007156","","","","lomatium af 1oz","2","$15.30","$7.65","$17.99","57.48%"
"210000052416","021078023838","","","","Vit D3 5000 IU 100sgls source naturals","1","$4.49","$4.49","$9.99","55.06%"
"210000052496","046985211918","","","","cough lozenges lemon honey 18lozenges","4","$13.60","$3.40","$5.49","38.07%"
"210000052538","843119102407","","","","CBD hemp infused balm 450 mg  1.5 oz charlotte's web","3","$43.17","$14.39","$29.99","52.02%"
"210000052564","051494102695","","","","multi men over 40 one daily 60tbs","3","$51.72","$17.24","$39.99","56.89%"
"210000052719","855717003017","","","","arnica 6c ollois","2","$6.88","$3.44","$7.99","56.95%"
"210000052793","051494103173","","","","multi men 40+ 60tbs","2","$26.58","$13.29","$34.99","62.02%"
"210000052895","070650004079","","","","honees menthol lemon drops","7","$4.97","$0.71","$1.49","52.35%"
"210000052967","892392002959","","","","mushroom energy citrus single packet om","4","$4.84","$1.21","$2.29","47.16%"
"210000053076","724250784021","","","","absorb aid digestive support powder 3.5oz","1","$10.19","$10.19","$13.00","21.62%"
"210000053153","733739003782","","","","D 3 50000 IU 50sgls NOW FOODS","1","$8.99","$8.99","$18.99","52.66%"
"210000053167","046352001210","","","","detox & immunity booster 90 Cap","1","$7.90","$7.90","$9.80","19.39%"
"210000053229","759051100176","","","","B12 Max 5000mcg 60tbs Wellgenix","3","$44.88","$14.96","$29.99","50.12%"
"210000053384","854936003792","","","","black seed oil 90cps bio nutrition","1","$10.33","$10.33","$23.99","56.94%"
"210000053399","723707514938","","","","kratom green maeng da powder 20g(.7oz) super speciosa","3","$9.00","$3.00","$7.99","62.45%"
"210000053401","723707514990","","","","kratom green maeng da powder 100g(3.5oz) super speciosa","1","$10.00","$10.00","$29.99","66.66%"
"210000053482","083000161728","","","","lion's mane 90vcps nature's answer","1","$15.71","$15.71","$29.99","47.62%"
"210000053512","801541517275","","","","psyllium pre & probiotic fiber orange 10oz organic india","3","$24.21","$8.07","$14.99","46.16%"
"210000053544","855717003246","","","","aconitum napellus 30c","1","$4.33","$4.33","$7.99","45.81%"
"210000053546","855717003376","","","","allium cepa 30C ollois","10","$43.10","$4.31","$8.99","52.06%"
"210000053548","855717003277","","","","apis mellifica 30C ollois","1","$4.85","$4.85","$9.69","49.95%"
"210000053550","855717003482","","","","argentum nitricum 30C ollois","4","$17.24","$4.31","$8.99","52.06%"
"210000053552","855717003208","","","","arsenicum album 30C ollois","5","$19.10","$3.82","$7.99","52.19%"
"210000053554","855717003215","","","","belladonna 30C ollois","2","$7.64","$3.82","$8.49","55.01%"
"210000053556","855717003291","","","","bryonia 30C ollois","2","$8.66","$4.33","$7.99","45.81%"
"210000053558","855717003499","","","","calcarea carbonica 30C ollois","3","$12.99","$4.33","$7.99","45.81%"
"210000053560","855717003307","","","","calcarea sulphurica 30C ollois","1","$3.35","$3.35","$7.99","58.07%"
"210000053562","855717003420","","","","cantharis 30C ollois","2","$7.64","$3.82","$7.99","52.19%"
"210000053564","855717003321","","","","carbo vegetabilis 30C ollois","2","$8.62","$4.31","$8.99","52.06%"
"210000053566","855717003253","","","","chamomilla 30C ollois","6","$25.98","$4.33","$8.49","49%"
"210000053568","855717003147","","","","coffea cruda 30C ollois","1","$4.43","$4.43","$8.99","50.72%"
"210000053570","855717003505","","","","hamamelis virginiana 30C ollois","5","$21.65","$4.33","$8.99","51.84%"
"210000053572","855717003390","","","","hepar sulphuris calcareum 30C ollois","6","$25.98","$4.33","$8.99","51.84%"
"210000053574","855717003161","","","","histaminum hydrochloricum 30C ollois","4","$17.32","$4.33","$8.99","51.84%"
"210000053576","855717003352","","","","hydrastis canadensis 30C ollois","6","$22.92","$3.82","$7.99","52.19%"
"210000053578","855717003178","","","","hypericum perforatum 30C ollois","1","$3.82","$3.82","$8.49","55.01%"
"210000053580","855717003086","","","","ignatia amara 30C ollois","3","$12.93","$4.31","$8.99","52.06%"
"210000053582","855717003338","","","","kali bichromium 30C ollois","5","$21.65","$4.33","$8.99","51.84%"
"210000053584","855717003369","","","","lachesis mutus 30C ollois","4","$15.56","$3.89","$7.99","51.31%"
"210000053586","855717003475","","","","ledum palustre 30C ollois","4","$15.28","$3.82","$7.99","52.19%"
"210000053588","855717003239","","","","lycopodium clavatum 30C ollois","2","$7.64","$3.82","$8.49","55.01%"
"210000053590","855717003413","","","","mercurius solubilis 30C ollois","2","$6.70","$3.35","$7.99","58.07%"
"210000053594","855717003055","","","","nux vomica 30C ollois","6","$26.58","$4.43","$8.99","50.72%"
"210000053596","855717003314","","","","phosphorus 30C ollois","4","$15.80","$3.95","$7.99","50.56%"
"210000053598","855717003468","","","","phytolacca decandra 30C ollois","2","$8.66","$4.33","$7.99","45.81%"
"210000053600","855717003093","","","","pulsatilla 30C ollois","5","$17.80","$3.56","$7.99","55.44%"
"210000053602","855717003123","","","","rhus toxicodendron 30C ollois","4","$17.72","$4.43","$8.99","50.72%"
"210000053604","855717003406","","","","ruta graveolens 30C ollois","4","$16.34","$4.09","$7.99","48.87%"
"210000053606","855717003222","","","","sepia 30C ollois","2","$8.66","$4.33","$7.99","45.81%"
"210000053608","855717003260","","","","silicea 30C ollois","6","$25.98","$4.33","$8.99","51.84%"
"210000053610","855717003444","","","","spongia tosta 30C ollois","5","$19.10","$3.82","$7.99","52.19%"
"210000053612","855717003437","","","","staphysagria 30C ollois","3","$10.05","$3.35","$7.99","58.07%"
"210000053614","855717003192","","","","sulphur 30C ollois","4","$15.28","$3.82","$8.49","55.01%"
"210000053616","855717003383","","","","Symphytum Officinale 30C","1","$3.59","$3.59","$7.99","55.07%"
"210000053618","855717003185","","","","thuja occidentalis 30C ollois","5","$21.65","$4.33","$8.99","51.84%"
"210000053645","850019274523","","","","CBD sleep gummies 30 cv sciences","2","$30.22","$15.11","$34.99","56.82%"
"210000053663","733739028143","","","","D-mannose cranberry 90 vcps NOW FOODS","2","$28.78","$14.39","$29.99","52.02%"
"210000053665","733739028099","","","","D-mannose powder 6oz NOW FOODS","4","$71.96","$17.99","$58.99","69.5%"
"210000053701","723707515126","","","","kratom green maeng da powder 250g(8.8 oz) super speciosa","2","$40.00","$20.00","$54.99","63.63%"
"210000053715","767963072689","","","","empty ""0"" gelatin capsules 500 Starwest large silver bag","3","$21.63","$7.21","$14.49","50.24%"
"210000053717","767963041678","","","","empty ""0"" gelatin capsules 1000 Starwest large silver bag","3","$30.45","$10.15","$19.99","49.22%"
"210000053901","605069418010","","","","gymnema 60 caplets himalaya","3","$35.07","$11.69","$17.99","35.02%"
"210000053998","051494103999","","","","magnesium soft chews grape 30 chews megafood","2","$13.58","$6.79","$16.99","60.04%"
"210000054033","369051201010","","","","Rhinase soothing nasal gel 30g","2","$0.02","$0.01","$14.99","99.93%"
"210000054056","684088800013","","","","silver first aid gel  for pets 1oz","4","$27.92","$6.98","$13.99","50.11%"
"210000054068","831060006103","","","","silver lozenges with vitamin c 21loz","5","$30.85","$6.17","$11.99","48.54%"
"210000054097","767963149480","","","","charcoal powder activated coconut shell 4oz pouch","1","$6.18","$6.18","$10.99","43.77%"
"210000054378","850011996041","","","","mushroom immune orange & elderberrysingle packet om","21","$22.06","$1.05","$2.99","64.87%"
"210000054386","840081403679","","","","CBD melatonin 60 Liquid Softgels","2","$25.74","$12.87","$29.99","57.09%"
"210000054392","021078008880","","","","B-1 500mg 100tbs source naturals","1","$8.44","$8.44","$21.99","61.62%"
"210000054582","710363586386","","","","stored belly fat burner 60liquigls irwin","3","$36.45","$12.15","$24.99","51.38%"
"210000054627","046985003216","","","","migshield 60tabs","1","$10.40","$10.40","$5.00","-108%"
"210000054631","046985031028","","","","lysine super extract 2oz","1","$9.29","$9.29","$14.99","38.03%"
"210000054716","710363599539","","","","CBD arnica cream 1000mg 3.33 oz Irwin","1","$32.47","$32.47","$59.99","45.87%"
"210000054740","723707514952","","","","kratom white maeng da powder 20g(.7oz) super speciosa","3","$10.77","$3.59","$4.49","20.04%"
"210000054796","878941001123","","","","power pak electrolyte grape 1200mg vit C pkt single","10","$4.20","$0.42","$0.79","46.84%"
"210000054810","733739001078","","","","glycine 1000mg 100vcps","1","$8.54","$8.54","$18.99","55.03%"
"210000054836","684088232395","","","","copper bio-active hydrosol 10ppm 2oz","2","$13.30","$6.65","$14.99","55.64%"
"210000054844","878941002762","","","","potassium 99mg 2oz trace mineralss","4","$40.80","$10.20","$19.99","48.97%"
"210000054846","878941000256","","","","magnesium mega-mag 400mg 4oz trace minerals","5","$67.50","$13.50","$25.99","48.06%"
"210000054850","878941000058","","","","trace mineral drops 8oz trace minerals","5","$133.50","$26.70","$49.99","46.59%"
"210000054953","306969310045","","","","sleep calm 60tbs","3","$20.28","$6.76","$12.79","47.15%"
"210000055002","851469000168","","","","ashwagandha 90vcp organic india","2","$27.08","$13.54","$26.99","49.83%"
"210000055090","021078021780","","","","cilantro metal detox 2oz source naturals","1","$6.41","$6.41","$13.79","53.52%"
"210000055092","183405043510","","","","calm orange 8oz natural vitality","2","$23.82","$11.91","$20.99","43.26%"
"210000055122","","","","","glass bottle empty cobalt blue w/DROPPER 4oz","19","$25.65","$1.35","$2.89","53.29%"
"210000055124","","","","","jar glass amber empty 8oz","26","$46.14","$1.77","$2.89","38.59%"
"210000055138","857727004060","","","","mushroom coffee latte blend single packet om","13","$13.84","$1.06","$2.99","64.39%"
"210000055227","033984010925","","","","folate folic acid 1333mcg dfe 250vcps","1","$10.81","$10.81","$11.00","1.73%"
"210000055482","083000005770","","","","ashwagandha whole plant af 2oz","1","$10.62","$10.62","$24.99","57.5%"
"210000055546","850011996096","","","","mushroom morning energy blend single packet","12","$12.96","$1.08","$2.99","63.88%"
"210000055727","782932151103","","","","sacred heart spray","2","$15.26","$7.63","$8.50","10.24%"
"210000055924","183405043541","","","","calm plus calcium 8oz natural vitality","2","$25.80","$12.90","$24.99","48.38%"
"210000056126","840081404324","","","","magnesium ashwagandha 60 liqid softgels irwin","2","$28.14","$14.07","$26.99","47.87%"
"210000056150","723707515133","","","","kratom white maeng da powder 250gm(8.8oz) super speciosa","2","$40.00","$20.00","$54.99","63.63%"
"210000056188","603573413712","","","","pycnogenol 100mg 30vcp","1","$25.00","$25.00","$42.99","41.85%"
"210000056213","727783003669","","","","multi every woman's 40+ one daily 48 tbs new chapter","1","$17.86","$17.86","$15.00","-19.07%"
"210000056225","727783903501","","","","multi woman's 75 gummies new chapter","1","$11.92","$11.92","$26.99","55.84%"
"210000056227","727783903495","","","","multi man's 75 gummies new chapter","1","$11.92","$11.92","$26.99","55.84%"
"210000056275","733739047892","","","","lion's mane 60vcaps NOW FOODS","1","$11.69","$11.69","$24.99","53.22%"
"210000056307","850502007577","","","","shilajit 60caps youth theory","5","$68.50","$13.70","$29.99","54.32%"
"210000056576","097467459724","","","","collagen peptides 240cps natures plus","4","$88.24","$22.06","$42.99","48.69%"
"210000056578","097467459717","","","","collagen peptides 120cps","2","$20.76","$10.38","$24.99","58.46%"
"210000056590","097467336032","","","","magnesium kalmassure 420mg 240vcps nature's plus","3","$37.41","$12.47","$24.99","50.1%"
"210000056594","097467037687","","","","Hema-Plex 60 chewable tbs nature's plus","4","$26.36","$6.59","$13.49","51.15%"
"210000056760","033674129005","","","","fo-ti 100cps","1","$6.55","$6.55","$12.99","49.58%"
"210000056762","083000261268","","","","chlorophyll 16oz","1","$10.19","$10.19","$19.99","49.02%"
"210000056841","696916100356","","696916100356","","cloves 100vcps","2","$12.00","$6.00","$14.99","59.97%"
"210000056897","097467307407","","","","vitamin D3 & K2  50mcg 60vcps","6","$89.82","$14.97","$24.99","40.1%"
"210000056899","097467476240","","","","melatonin 1mg 90tbs","2","$7.44","$3.72","$7.49","50.33%"
"210000056901","097467476257","","","","melatonin 3mg 90tbs","2","$7.96","$3.98","$9.99","60.16%"
"210000056903","097467476264","","","","melatonin 5mg 90tbs","3","$13.74","$4.58","$10.99","58.33%"
"210000056905","097467476271","","","","melatonin 10mg 90tbs","2","$14.44","$7.22","$14.49","50.17%"
"210000056932","733739023759","","","","ashwagandha 60vcps NOW FOODS","3","$40.47","$13.49","$29.99","55.02%"
"210000057007","785571128611","","","","kratom green maeng da crystal clear 4 capsule pack","5","$12.50","$2.50","$5.99","58.26%"
"210000057011","785571128635","","","","kratom red maeng da blister pack","7","$21.00","$3.00","$5.99","49.92%"
"210000057126","021078028796","","","","wellness immunitric 90cps source naturals","2","$11.70","$5.85","$9.50","38.42%"
"210000057157","733739007926","","","","vitamin C crystals 3lb NOW FOODS","1","$21.59","$21.59","$15.00","-43.93%"
"210000057159","878941003110","","","","fulvic acid 2oz trace minerals","5","$76.50","$15.30","$28.99","47.22%"
"210000057169","878941007125","","","","quercetin + zinc powder 4.2oz trace minerals","1","$15.29","$15.29","$10.00","-52.9%"
"210000057177","605069411011","","","","holy basil 60 caplets himalaya","1","$9.37","$9.37","$21.99","57.39%"
"210000057203","043952000117","","","","barley grass powder 10oz","3","$49.71","$16.57","$32.49","49%"
"210000057213","850019274714","","","","CBD + THC sour watermelon 30 gummies","3","$76.26","$25.42","$54.99","53.77%"
"210000057215","850019274707","","","","CBD + THC peach 30 gummies","3","$72.86","$24.29","$54.99","55.83%"
"210000057219","840081405222","","","","testonsterone mega boost red 56sgls irwin","1","$17.91","$17.91","$35.99","50.24%"
"210000057223","710363594572","","","","kidney & liver cleanse 60liquigels","3","$46.17","$15.39","$21.99","30.01%"
"210000057237","051494101049","","","","multi women one daily 60tbs","3","$51.72","$17.24","$39.99","56.89%"
"210000057397","097467104044","","","","vit D 1000IU gummies 60 nature's plus","3","$26.01","$8.67","$15.99","45.78%"
"210000057403","723707514976","","","","kratom red bali powder 20g(.7oz) super speciosa","5","$15.00","$3.00","$7.99","62.45%"
"210000057474","733739046123","","","","bilberry complex 80mg 100 vcps NOW FOODS","1","$14.39","$14.39","$29.99","52.02%"
"210000057601","605069410014","","","","shatavari 60 vegan caplets himalaya","3","$33.00","$11.00","$19.99","44.97%"
"210000057615","628055142850","","","","cough syrup nighttime 4oz beekeeper's natural","3","$16.56","$5.52","$15.99","65.48%"
"210000057626","727783901248","","","","multi every woman's 55+ one daily 48 vcps new chapter","1","$27.15","$27.15","$53.99","49.71%"
"210000057671","710363599560","","","","CBD menthol cream 1000mg 3.33 oz Irwin","1","$40.36","$40.36","$64.99","37.9%"
"210000057965","850083008567","","","","mocca energy gummies","2","$3.28","$1.64","$3.49","53.01%"
"210000057993","710363585990","","","","B12 mega one per day  60sgls irwin","3","$38.37","$12.79","$23.99","46.69%"
"210000057995","710363584108","","","","biotin 6000mcg  60sgls irwin","2","$29.42","$14.71","$29.99","50.95%"
"210000058001","710363592011","","","","D3 + K2 + turmeric 60sgls irwin","2","$23.02","$11.51","$22.99","49.93%"
"210000058003","710363577391","","","","multi adult  60sgls irwin","2","$24.62","$12.31","$16.00","23.06%"
"210000058160","628055142010","","","","propolis spray 4oz beekeeper's natural","1","$6.73","$6.73","$16.99","60.39%"
"210000058316","021078027928","","","","Vit D3 10,000 IU 100sgls source naturals","6","$29.70","$4.95","$14.99","66.98%"
"210000058326","021078106531","","","","slippery elm strawberry  200 lozenges planetary formulas","1","$5.55","$5.55","$18.49","69.98%"
"210000058328","021078106463","","","","slippery elm tangerine 100 lozenges planetary formulas","6","$19.80","$3.30","$10.99","69.97%"
"210000058330","021078004134","","","","B-6 100mg 100tbs source naturals","2","$7.64","$3.82","$8.99","57.51%"
"210000058332","021078016830","","","","coral calcium magnesium  90cps source naturals","3","$19.89","$6.63","$18.99","65.09%"
"210000058358","850502007836","","","","heart collagen 150tbs","2","$23.62","$11.81","$19.00","37.84%"
"210000058382","733739000828","","","","gaba orange 90 chewables NOW FOODS","1","$9.89","$9.89","$21.99","55.03%"
"210000058386","733739015549","","","","zinc glyconate 120 sgls NOW FOODS","1","$7.19","$7.19","$14.99","52.03%"
"210000058438","785571128819","","","","kratom green malay kratom 100g(3.5oz) super speciosa","1","$10.00","$10.00","$29.99","66.66%"
"210000058469","850019274042","","","","cbd plus pain relief 30sgls","2","$45.58","$22.79","$29.00","21.41%"
"210000058480","810180021135","","","","fish oil norwegian amazing nutrition","1","$13.11","$13.11","$29.99","56.29%"
"210000058507","733739006967","","","","vit C D3 Zinc 100vcps NOW FOODS","3","$26.97","$8.99","$19.99","55.03%"
"210000058583","083000262548","","","","mullein x cough syrup 4oz nature's answer","4","$44.96","$11.24","$21.99","48.89%"
"210000058590","727783903747","","","","B12 350mcg 60 raspberry gummies new chapter","1","$9.90","$9.90","$14.90","33.56%"
"210000058629","810095311512","","","","ruta graveolens 200ck","3","$12.93","$4.31","$8.99","52.06%"
"210000058633","860002151526","","","","sea moss w/bladderwrack and burdock 60 gummies Bucklebury","1","$0.01","$0.01","$18.00","99.94%"
"210000058690","840081405918","","","","collagen peptides 60liquigels irwin","1","$17.91","$17.91","$19.00","5.74%"
"210000058692","733739006196","","","","liposomal vitamin c 120vcaps NOW FOODS","1","$13.49","$13.49","$29.99","55.02%"
"210000058694","733739009104","","","","vitamin e liquid 1oz NOW FOODS","2","$12.94","$6.47","$11.99","46.04%"
"210000058698","733739014863","","","","selenium 200mcg 180tbs NOW FOODS","2","$17.98","$8.99","$19.99","55.03%"
"210000058702","051494103371","","","","blood builder iron minis 60tbs","1","$7.99","$7.99","$19.99","60.03%"
"210000058706","051494102329","","","","calcium & magnesium 90tbs megafood","3","$47.97","$15.99","$39.99","60.02%"
"210000058714","097467033603","","","","magnesium 200mg 180tbs nature's plus","4","$47.92","$11.98","$29.99","60.05%"
"210000058720","097467336025","","","","magnesium kalmassure 400mg 120vcps nature's plus","8","$48.84","$6.11","$13.99","56.36%"
"210000058920","021078021520","","","","gymnema sylvestre ultra 60tbs","2","$17.78","$8.89","$18.99","53.19%"
"210000058926","733739014474","","","","iron liquid 8oz NOW FOODS","1","$9.89","$9.89","$21.99","55.03%"
"210000058955","306969306048","","","","allergycalm 60tbs boiron","3","$20.28","$6.76","$14.99","54.9%"
"210000058964","382431102615","","","","antacid strawberry 60 chews wonderbelly","4","$24.00","$6.00","$11.99","49.96%"
"210000058991","850011996980","","","","mushroom plant protein chocolate pkt","4","$7.88","$1.97","$3.99","50.63%"
"210000058997","814784026350","","","","magnesium liquid sunwarrior","2","$17.98","$8.99","$17.99","50.03%"
"210000059004","855717003048","","","","arnica vegan OG 30x ollois","3","$11.46","$3.82","$8.49","55.01%"
"210000059030","033984006928","","","","vitamin C ester plus 500mg  90vcps","1","$6.20","$6.20","$9.00","31.11%"
"210000059098","083000261404","","","","evening primrose 4oz nature's answer","2","$30.60","$15.30","$29.99","48.98%"
"210000059281","733739004840","","","","niacin no flush 250mg 180vcps NOW FOODS","1","$11.69","$11.69","$16.00","26.94%"
"210000059283","733739004833","","","","niacin no flush 25mg 90vcps NOW FOODS","1","$6.29","$6.29","$7.50","16.13%"
"210000059315","021078002291","","","","evening primrose oil 500 MG 90 source naturals","1","$8.09","$8.09","$18.99","57.4%"
"210000059317","021078002420","","","","boswellia 100tbs source naturals","2","$18.88","$9.44","$19.99","52.78%"
"210000059319","021078007043","","","","beta sitosterol  113mg 90sgls source naturals","5","$15.00","$3.00","$8.88","66.22%"
"210000059321","021078010999","","","","genistein soy complex 60 source naturals","5","$21.75","$4.35","$15.99","72.8%"
"210000059323","021078012924","","","","methylcobalamin 1 mg cherry 60 loz source naturals","1","$5.17","$5.17","$12.99","60.2%"
"210000059325","021078013730","","","","biotin 5000mcg 120tbs source naturals","3","$17.88","$5.96","$13.49","55.82%"
"210000059327","021078028079","","","","niacinamide 500mg 60tbs","3","$10.47","$3.49","$8.49","58.89%"
"210000059447","840081405604","","","","steel libido x2 peak for men 75liquigels irwin","1","$8.00","$8.00","$19.00","57.89%"
"210000059477","696916115077","","","","milk thistle concentrate 90vcps","2","$18.70","$9.35","$19.99","53.23%"
"210000059514","733739002600","","","","taurine powder 8oz NOW FOODS","1","$8.09","$8.09","$17.99","55.03%"
"210000059539","860104002450","","","","soothing throat cough syrup 8oz Bucklebury","2","$24.34","$12.17","$28.99","58.02%"
"210000059563","021078104230","","","","vitex chasteberry 500mg 60ct","4","$12.32","$3.08","$10.49","70.64%"
"210000059607","860002151571","","","","zeolite 2oz bucklebury","4","$43.48","$10.87","$25.99","58.18%"
"210000059631","860006794507","","","","lion's mane gummies","2","$20.36","$10.18","$19.99","49.07%"
"210000059633","860006794538","","","","cordyceps gummies","1","$8.98","$8.98","$9.90","9.29%"
"210000059635","860006794545","","","","reishi gummies","1","$8.98","$8.98","$9.90","9.29%"
"210000059639","021078028215","","","","reservatrol 500mg 30tbs source naturals","1","$9.44","$9.44","$19.99","52.78%"
"210000059643","021078008033","","","","magnesium ultra 120tbs source naturals","5","$28.10","$5.62","$18.99","70.41%"
"210000059645","021078015987","","","","L-lysine 500mg 200cps","1","$8.78","$8.78","$18.99","53.77%"
"210000059647","021078028642","","","","elderberry gummies source naturals","1","$6.00","$6.00","$9.50","36.84%"
"210000059649","021078028949","","","","Vit D3 vegan 2000 IU source naturals","3","$26.31","$8.77","$18.99","53.82%"
"210000059688","684088232203","","","","silver vertical spray 10ppm 1oz","4","$20.28","$5.07","$9.99","49.25%"
"210000059690","684088500043","","","","natural healing gel silver 2oz","1","$10.64","$10.64","$19.99","46.77%"
"210000059696","097467336940","","","","magnesium citrate gummies 60 nature's plus","1","$9.57","$9.57","$9.90","3.33%"
"210000059698","840081408537","","","","nitric oxide PWR blod flow booster 60liquigels","1","$0.01","$0.01","$5.00","99.8%"
"210000059700","840081407899","","","","L citrulline + L arginine 60liquigels","1","$5.33","$5.33","$14.00","61.93%"
"210000059704","840081405741","","","","sensual woman 60liquigels","2","$35.82","$17.91","$32.99","45.71%"
"210000059708","854936003754","","","","charcoal activated capsules","1","$4.86","$4.86","$14.99","67.58%"
"210000059712","854936003730","","","","berberine advanced capsules","4","$45.71","$11.43","$29.99","61.9%"
"210000059716","854936003693","","","","eye wellness w/zeaxanthin bio nutrition","1","$10.90","$10.90","$16.00","31.88%"
"210000059806","785571129328","","","","kratom extra strength blueberry 30 gummies super speciosa","1","$34.50","$34.50","$68.99","49.99%"
"210000059922","021078104766","","","","nettle 90tbs planetary herbals","2","$9.76","$4.88","$15.99","69.48%"
"210000059926","021078021988","","","","d mannose 500mg 60cps source naturals","3","$22.29","$7.43","$24.99","70.27%"
"210000060032","857727004053","","","","mushroom blend coffee pkt OG om","10","$11.20","$1.12","$2.99","62.54%"
"210000060040","856210008158","","","","lion's mane OG 90cps","2","$29.50","$14.75","$29.99","50.82%"
"210000060073","733739046055","","","","astragalus 500mg 100vcps now foods","1","$5.39","$5.39","$11.99","55.05%"
"210000060323","083000262531","","083000262531","","mullein x multi symptom cough syrup 4oz nature's answer","2","$22.44","$11.22","$21.99","48.98%"
"210000060325","857727004077","","","","mushroom hot chocolate single packet om","11","$11.88","$1.08","$2.99","63.88%"
"210000060327","857727004084","","","","mushroom matcha single packet om","5","$5.40","$1.08","$2.99","63.88%"
"210000060341","083000262555","","","","mullein x multi throat spray 2oz nature's answer","2","$17.96","$8.98","$18.39","51.17%"
"210000060399","856210008219","","","","cordyceps OG 90cps","2","$30.58","$15.29","$29.99","49.02%"
"210000060401","850011996720","","","","mushroom master blend OG 90cps","2","$30.60","$15.30","$19.90","23.12%"
"210000060405","850502007607","","","","beauty powder citrus","1","$10.07","$10.07","$16.00","37.06%"
"210000060495","083000262562","","","","mullein x kids cough syrup 4oz nature's answer","2","$20.38","$10.19","$21.99","53.66%"
"210000060513","696916115114","","","","cranberry 90vcps kroeger","2","$14.46","$7.23","$16.99","57.45%"
"210000060529","382431104039","","","","antacid watermelon pkt wonderbelly","1","$1.50","$1.50","$1.60","6.25%"
"210000060587","733739018397","","","","super omega 3 6 9 90sftgls NOW FOODS","3","$25.62","$8.54","$18.99","55.03%"
"210000060644","634024031018","","","","blood tonic syrup 6oz","3","$0.03","$0.01","$19.99","99.95%"
"210000060651","852906004251","","","","elderberry immune support spray mickelberry","1","$5.90","$5.90","$11.99","50.79%"
"210000060730","733739030870","","","","quercetin phytosomal  NOW FOODS","2","$25.44","$12.72","$15.90","20%"
"210000060739","3291854102195","","","","black seed oil OG 16oz herb to body","5","$132.19","$26.44","$49.99","47.11%"
"210000060861","061998614105","","","","ashwagandha 120sgls","1","$6.47","$6.47","$23.99","73.03%"
"210000060948","840081410448","","","","berberine fat burner liquid softgels irwin","1","$19.19","$19.19","$39.99","52.01%"
"210000060961","083000162541","","","","goldenseal 50vcps","1","$14.27","$14.27","$27.99","49.02%"
"210000060963","021078003175","","","","magnesium chelate complex source naturals","1","$4.16","$4.16","$9.29","55.22%"
"210000061017","021078107675","","","","triphala 4oz liquid","2","$15.30","$7.65","$25.49","69.99%"
"210000061081","733739046253","","","","cayenne 500mg 100vcps NOW FOODS","4","$17.96","$4.49","$9.99","55.06%"
"210000061095","860002151519","","","","zeolite 90cps bucklebury","3","$42.51","$14.17","$29.99","52.75%"
"210000061109","810014679198","","","","d mannose pure powder","3","$123.09","$41.03","$59.99","31.61%"
"210000061111","850019274738","","","","CBD sleep gummies 2 pk cv sciences","7","$10.08","$1.44","$4.79","69.94%"
"210000061223","691821317165","","","","soursop living bitters OG 8oz herb to body","2","$27.80","$13.90","$27.99","50.34%"
"210000061233","605069991315","","","","party smart 10 gummies himalaya","2","$13.42","$6.71","$9.49","29.29%"
"210000061311","3433764152222","","","","colon cleanser bitters 16oz herb to body","1","$13.50","$13.50","$26.99","49.98%"
"210000061325","382431000065","","","","antacid strawberry travel size wonderbelly","1","$2.66","$2.66","$5.99","55.59%"
"210000061346","","","","","citrus bergamot 60 capsules double wood","8","$134.80","$16.85","$18.00","6.39%"
"210000061371","097467037625","","","","Hema-Plex 60tbs nature's plus","2","$21.16","$10.58","$24.99","57.66%"
"210000061379","727783904133","","","","magnesium selenium zinc new chapter","2","$24.76","$12.38","$27.99","55.77%"
"210000061386","860005554911","","","","kava chill pills moon mint up side","1","$7.83","$7.83","$14.99","47.77%"
"210000061399","860009687578","","","","shilajit 60vcps bio nutrition","2","$22.40","$11.20","$21.99","49.07%"
"210000061468","5065022177005","","","","shilajit resin jar magictree","1","$18.22","$18.22","$34.99","47.93%"
"210000061497","733739001337","","","","proline 500mg 120 vcps NOW FOODS","1","$8.54","$8.54","$18.99","55.03%"
"210000061499","733739018809","","","","wheat germ oil NOW FOODS","2","$17.26","$8.63","$15.99","46.03%"
"210000061531","097467025653","","","","quercetin 500mg 60cps","3","$28.41","$9.47","$18.99","50.13%"
"210000061535","097467028241","","","","vitamin K complex 60vcps nature's plus","3","$22.95","$7.65","$19.99","61.73%"
"210000061537","097467039735","","","","krill antarctic oil 500mg nature's plus","1","$14.97","$14.97","$24.99","40.1%"
"210000061539","097467051683","","","","suntheanine L-Theanine 200mg 60vcps nature's plus","3","$33.06","$11.02","$22.99","52.07%"
"210000061541","097467104389","","","","vitamin D with K 60 chewable nature's plus","3","$21.66","$7.22","$14.49","50.17%"
"210000061545","097467495647","","","","CoQ10  200mg beyond ubiquinol 30ct","3","$88.11","$29.37","$48.99","40.05%"
"210000061547","097467496125","","","","curcumin 500mg 60 nature's plus","3","$47.46","$15.82","$32.99","52.05%"
"210000061549","097467496156","","","","curcumin 1000mg 60 nature's plus","1","$16.78","$16.78","$55.99","70.03%"
"210000061551","097467336094","","","","magnesium kalmassure glycinate 90cps nature's plus","1","$9.48","$9.48","$18.99","50.08%"
"210000061553","097467495685","","","","CoQ10  100mg beyond ubiquinol 30ct","3","$44.58","$14.86","$29.99","50.45%"
"210000061555","097467495739","","","","CoQ10 50mg beyond ubiquinol 60ct","3","$35.95","$11.98","$29.99","60.04%"
"210000061562","097467445611","","","","reflux ease vanilla 60 chewables nature's plus","1","$6.24","$6.24","$24.99","75.03%"
"210000061578","765203089121","","","","shilajit 4oz nature's vision","3","$53.97","$17.99","$29.99","40.01%"
"210000061580","689269455600","","","","citrus max 90 pkt coromega","3","$70.65","$23.55","$27.90","15.59%"
"210000061585","","","","","glass bottle empty amber w/DROPPER 1oz","12","$6.48","$0.54","$1.69","68.05%"
"210000061616","840081411551","","","","beets for cardio peak performance 60 liquigels irwin","2","$31.98","$15.99","$19.00","15.84%"
"210000061618","840081410684","","","","sleep fit pm fat burner 60sgls irwin","2","$31.98","$15.99","$14.00","-14.21%"
"210000061630","641356164543","","","","umckaloabo 4oz la naturals","1","$6.30","$6.30","$17.99","64.98%"
"210000061632","641356174306","","","","paracide raw formula 90vcps la naturals","2","$16.78","$8.39","$19.99","58.03%"
"210000061634","641356048515","","","","parasite formula 1oz la naturals","3","$20.40","$6.80","$17.99","62.2%"
"210000061636","641356047013","","","","aller calm 1oz la naturals","1","$5.60","$5.60","$15.99","64.98%"
"210000061641","641356221918","","","","bitters mint spray 1oz la naturals","1","$3.50","$3.50","$15.99","78.11%"
"210000061643","641356174009","","","","kava gold raw formula 90vcps la naturals","1","$13.25","$13.25","$25.99","49.02%"
"210000061841","771733112994","","","","Go-Out capsules bell","3","$30.69","$10.23","$22.99","55.5%"
"210000061853","3433764122317","","","","charcoal activated powder 4oz herb to body","4","$23.83","$5.96","$11.99","50.31%"
"210000061875","733739728111","","","","D-Mannose 500mg 100 veg caps NOW FOODS","5","$46.85","$9.37","$26.99","65.28%"
"210000061958","641356156203","","","","valerian raw herb 90vcps la naturals","1","$6.71","$6.71","$15.99","58.04%"
"210000061968","641356185913","","","","stone blaster chanca piedra1oz la naturals","2","$14.40","$7.20","$17.99","59.98%"
"210000061972","641356039018","","","","cayenne1oz la naturals","2","$12.00","$6.00","$14.99","59.97%"
"210000061974","641356047419","","","","echinacea goldenseal1oz la naturals","5","$30.40","$6.08","$15.99","61.98%"
"210000061978","641356040618","","","","fennel 1oz la naturals","3","$15.75","$5.25","$14.99","64.98%"
"210000061982","641356044913","","","","skullcap 1oz la naturals","2","$12.76","$6.38","$14.99","57.44%"
"210000061986","641356046214","","","","wild yam 1oz la naturals","2","$13.60","$6.80","$15.99","57.47%"
"210000061993","856269006006","","","","lozenges honey alpinola","2","$5.86","$2.93","$4.50","34.89%"
"210000061998","635824007654","","","","Orega spray","2","$10.18","$5.09","$9.99","49.05%"
"210000062100","733739004758","","","","inositol 500mg 100cps NOW FOODS","1","$5.84","$5.84","$12.99","55.04%"
"210000062151","850021920746","","","","lion's mane 60vcps youth theory","3","$28.29","$9.43","$20.99","55.07%"
"210000062157","733739020543","","","","HMB 500mg 120vcps NOW FOODS","4","$55.96","$13.99","$39.99","65.02%"
"210000062159","733739020574","","","","HMB 90gm powderNOW FOODS","3","$41.55","$13.85","$32.99","58.02%"
"210000062165","700522168188","","","","vitamin pill case plastic container","3","$1.50","$0.50","$2.99","83.28%"
"210000062192","083000262593","","","","mullein x cough syrup nighttime 4oz nature's answer","3","$34.97","$11.66","$24.99","53.35%"
"210000062196","810110580114","","","","ashwagandha lemon lime gummies organic india","2","$22.30","$11.15","$25.99","57.1%"
"210000062221","851745001179","","","","bladder health 60vcps","1","$0.01","$0.01","$34.99","99.97%"
"210000062224","633422596327","","","","mycobrew cocoa pkt","24","$0.00","$0.00","$1.99","100%"
"210000062226","633422849799","","","","mycobrew mocha pkt","2","$1.50","$0.75","$1.99","62.31%"
"210000062228","633422910741","","","","mycobrew matcha pkt","31","$0.00","$0.00","$1.99","100%"
"210000062230","633422539973","","","","mycobrew coffee pkt","24","$0.00","$0.00","$1.99","100%"
"210000062232","040232380129","","","","cough syrup ivy leaf","3","$20.70","$6.90","$13.99","50.68%"
"210000062239","898631000304","","","","tri enza pomegranate lemonade chewable enzymes","3","$84.39","$28.13","$29.90","5.92%"
"210000062241","641356221819","","","","bitters citrus spray 1oz la naturals","3","$16.80","$5.60","$15.99","64.98%"
"210000062243","635824004141","","","","oregano cinnamon oil 1oz","1","$15.29","$15.29","$29.99","49.02%"
"210000062245","635824009184","","","","pine power plus 8oz","1","$20.39","$20.39","$39.99","49.01%"
"210000062246","858631002579","","","","allercleanse extra strength","1","$7.32","$7.32","$9.50","22.95%"
"210000062247","627843468417","","","","prebiotic resistant starch fiber","3","$24.69","$8.23","$19.99","58.83%"
"210000062252","641356154704","","","","echinacea goldenseal raw formula 90vcps la naturals","1","$7.70","$7.70","$21.99","64.98%"
"210000062254","641356156104","","","","turmeric raw formula 90vcps la naturals","1","$12.59","$12.59","$29.99","58.02%"
"210000062256","641356228405","","","","irish moss powder 90vcps la naturals","1","$9.68","$9.68","$17.99","46.19%"
"210000062274","856396003008","","","","rapid immune defense hybrid cr","4","$38.32","$9.58","$11.50","16.7%"
"210000062276","856396003046","","","","rapid nasal and sinus support hybrid ar 30","3","$46.80","$15.60","$29.99","47.98%"
"210000062278","856396003121","","","","rapid nasal and sinus support hybrid ar 10","9","$55.98","$6.22","$6.90","9.86%"
"210000062326","701748763584","","","","ashwagandha  500mg 60cps natural relief","12","$48.00","$4.00","$7.90","49.37%"
"210000062328","013964302806","","","","Blood Pressure 60cps natural relief","2","$36.50","$18.25","$34.99","47.84%"
"210000062335","659670030086","","","","calcium plus ionic fizz mixed berry 7.41 oz pure essence","3","$27.03","$9.01","$34.99","74.25%"
"210000062337","659670031014","","","","magnesium plus ionic fizz raspberry lemonade 7.41 oz pure essence","3","$22.32","$7.44","$28.99","74.34%"
"210000062339","659670031069","","","","magnesium plus ionic fizz orange vanilla 7.41 oz pure essence","4","$29.76","$7.44","$28.99","74.34%"
"210000062405","633422292953","","","","mushroom mycoshield licorice root spray host defense","1","$4.11","$4.11","$9.99","58.86%"
"210000062407","633422228815","","","","mushroom mycoshield peppermint spray host defense","2","$8.22","$4.11","$9.99","58.86%"
"210000062409","633422543093","","","","mushroom mycoshield citrus spray host defense","1","$4.11","$4.11","$9.99","58.86%"
"210000062411","633422938493","","","","mushroom mycoshield cinnamon spray host defense","2","$8.22","$4.11","$9.99","58.86%"
"210000062415","633422031620","","","","lion's mane mushroom 60caps host defense","2","$25.48","$12.74","$28.99","56.05%"
"210000062473","733739046802","","","","ginger root 100tbs NOW FOODS","1","$5.39","$5.39","$11.99","55.05%"
"210000062536","021078021667","","SN2166","","Articpure Krill Oil 500 MG","2","$59.86","$29.93","$49.99","40.13%"
"210000062539","633422038124","","","","mycommunity mushroom immune support 90vcps","1","$14.34","$14.34","$39.99","64.14%"
"210000062545","633422477718","","","","turkey tail mushroom powder 100gm host defense","4","$47.16","$11.79","$28.99","59.33%"
"210000062551","633422354521","","","","stamets 7 mushroom powder 100gm host defense","2","$22.38","$11.19","$29.99","62.69%"
"210000062621","633422522319","","","","lion's mane mushroom powder 200gm host defense","2","$32.88","$16.44","$39.99","58.89%"
"210000062623","633422112398","","","","turkey tail mushroom powder 200gm host defense","2","$32.88","$16.44","$39.99","58.89%"
"210000062625","633422301235","","","","stamets 7 mushroom powder 200gm host defense","1","$16.44","$16.44","$39.99","58.89%"
"210000062627","633422125459","","","","mycobrew mocha box","1","$6.99","$6.99","$19.99","65.03%"
"210000062657","840081411384","","","","extra strength testosterone up V2 60 liquigels irwin","1","$25.59","$25.59","$29.00","11.76%"
"210000062659","840081411421","","","","vitality and recovery testosterone up men 60 & up 60 liquigels irwin","2","$55.98","$27.99","$32.00","12.53%"
"210000062661","840081411636","","","","stored belly fat burner with caloriburn 40liquigls irwin","5","$71.79","$14.36","$24.00","40.18%"
"210000062683","785571129304","","","","kratom super red capsules 60vcps super speciosa","1","$12.49","$12.49","$24.99","50.02%"
"210000062705","633422397771","","","","brainpower stack mushroom powder 100gm host defense","2","$23.98","$11.99","$28.99","58.64%"
"210000062727","083000001390","","","","bladderwrack low alcohol 1oz natures answer","8","$51.00","$6.38","$14.99","57.47%"
"210000062729","306969044049","","","","arnica montana  arthritis care","4","$30.20","$7.55","$13.99","46.03%"
"210000062731","603573364670","","","","ubiquinol 100mg 60sgls","1","$21.00","$21.00","$49.99","57.99%"
"210000062752","860005961689","","","","CBD sleep ez pillowz slumber berry 30 vegan gummies","8","$97.20","$12.15","$26.99","54.98%"
"210000062765","021078100263","","","","ginseng revitalizer 90tbs planetary","2","$29.26","$14.63","$29.99","51.22%"
"210000062767","021078100638","","","","echinacea defense 90tbs planetary","2","$22.48","$11.24","$24.99","55.02%"
"210000062769","021078015956","","","","echinacea extract 100cps source naturals","2","$14.86","$7.43","$14.99","50.43%"
"210000062795","734027909069","","","","ginger rescue lozenges soft 800mg 3oz bag ginger people","3","$20.55","$6.85","$11.99","42.87%"
"210000062852","097467030435","","","","multi adult ultra ll daily 180tbs nature's plus","2","$0.02","$0.01","$74.99","99.99%"
"210000062885","083000161506","","","","cayenne 90 cps natures answer","3","$22.92","$7.64","$14.99","49.03%"
"210000062890","857549002343","","","","kollagel collagen","3","$0.03","$0.01","$39.99","99.97%"
"210000062892","857549002008","","","","collagen marine pure","2","$30.38","$15.19","$29.99","49.35%"
"210000062894","857549002015","","","","collagen marine with hyaluronic acid","3","$0.03","$0.01","$31.99","99.97%"
"210000062966","850043735403","","","","CBD + THC 10mg aura alpine apple 20 gummies","3","$47.22","$15.74","$25.00","37.04%"
"210000063003","727783902573","","","","vitamin C fermented 60 new chapter","2","$33.80","$16.90","$38.99","56.66%"
"210000063007","727783902993","","","","elderberry 60 gummies","7","$54.46","$7.78","$14.99","48.1%"
"210000063009","733739004567","","","","B 6 NOW FOODS","4","$16.16","$4.04","$8.99","55.06%"
"210000063019","021078004455","","","","vitamin C timed release 1000mg source naturals","1","$7.43","$7.43","$16.99","56.27%"
"210000063021","021078004622","","","","vitamin C chewable 500mg source naturals","3","$13.50","$4.50","$14.99","69.98%"
"210000063025","710363262419","","","","immuno shield 100sgls irwin","1","$13.43","$13.43","$27.99","52.02%"
"210000063029","710363586393","","","","vitamin C plus urgent rescue sgels irwin","2","$25.58","$12.79","$25.99","50.79%"
"210000063031","840081412268","","","","female balance 60sgls irwin","3","$55.41","$18.47","$36.99","50.07%"
"210000063033","840081412169","","","","healthy brain 60liquigels","2","$33.58","$16.79","$39.99","58.01%"
"210000063035","840081412091","","","","shatavari 60liquigels irwin","2","$0.02","$0.01","$28.99","99.97%"
"210000063083","088395129506","","","","D3 super daily liquid vegetarian .086oz","1","$0.01","$0.01","$19.99","99.95%"
"210000063099","641356044814","","","","saw palmetto 1oz la naturals","3","$19.20","$6.40","$15.99","59.97%"
"210000063103","641356037915","","","","black walnut green 1oz la naturals","2","$10.50","$5.25","$14.99","64.98%"
"210000063106","363113337006","","","","gluten detox spray 1oz liddell labs","1","$0.01","$0.01","$5.00","99.8%"
"210000063118","6918212907656","","","","sea moss 60 capsules  herb to body","3","$24.90","$8.30","$16.59","49.97%"
"210000063147","021718608029","","","","bio strath 8.4 oz","2","$26.98","$13.49","$29.99","55.02%"
"210000063150","075820160159","","","","swiss kriss herbal laxative flakes 1 1/2 oz","3","$9.39","$3.13","$6.99","55.22%"
"210000063152","3291854102874","","","","turmeric living bitters 16oz herb to body","2","$27.80","$13.90","$26.99","48.5%"
"210000063156","641356085718","","","","bilberry 1oz la naturals","1","$6.38","$6.38","$14.99","57.44%"
"210000063162","641356041110","","","","ginkgo 1oz la naturals","2","$12.76","$6.38","$14.99","57.44%"
"210000063168","741273403579","","","","get it done motivation kit bach","2","$22.06","$11.03","$24.99","55.86%"
"210000063191","641356039117","","","","chamomile 1oz la naturals","2","$12.76","$6.38","$14.99","57.44%"
"210000063212","733739014924","","","","silica complex 180tbs NOW FOODS","3","$44.52","$14.84","$32.99","55.02%"
"210000063272","710363568351","","","","daily gentle cleanse 60liquigels","1","$13.59","$13.59","$25.99","47.71%"
"210000063276","097467307513","","","","folate 60vcps nature's plus","2","$6.58","$3.29","$11.99","72.56%"
"210000063278","097467395183","","","","cranberry 500mg 60cps nature's plus","1","$4.74","$4.74","$18.99","75.04%"
"210000063280","097467376878","","","","iron hema plex liquid 8.5oznature's plus","3","$17.58","$5.86","$19.99","70.69%"
"210000063282","097467496118","","","","curcumin lozenges nature's plus","4","$34.16","$8.54","$26.99","68.36%"
"210000063310","817598000714","","","","GLP-1(ozempic) support 90cps youth theory","2","$29.98","$14.99","$29.99","50.02%"
"210000063313","850001449441","","","","prenatal vitamins mama knows best oceanblue","1","$8.10","$8.10","$10.00","19%"
"210000063315","850001449373","","","","Oceanblue Omega 750mg","4","$19.44","$4.86","$7.99","39.17%"
"210000063317","850001449380","","","","omega everyday 90sgls oceanblue","4","$37.80","$9.45","$18.99","50.24%"
"210000063319","850001449410","","","","DHA 1000mg brain fuel 60sgls oceanblue","6","$37.82","$6.30","$18.99","66.81%"
"210000063321","850001449397","","","","omega everyday mini 60sgls oceanblue","5","$19.45","$3.89","$12.99","70.05%"
"210000063323","850001449427","","","","EPA 1000mg mood food 60sgls oceanblue","4","$37.80","$9.45","$18.99","50.24%"
"210000063327","850021920333","","","","K2D3 gummy peach 60 youth theory","1","$5.62","$5.62","$20.99","73.23%"
"210000063347","878941000348","","","","calcium magnesium complete 1:1 120tbs trace minerals","5","$63.00","$12.60","$24.99","49.58%"
"210000063377","3433764142766","","","","tongkat Ali longjack 60 capsules  herb to body","3","$21.78","$7.26","$17.99","59.64%"
"210000063421","041954340897","","","","herbalozenge elderberry zinc 18 loz bag zand","1","$2.43","$2.43","$4.49","45.88%"
"210000063517","850083008253","","","","mocca energy dark chocolate orange gummies","6","$9.84","$1.64","$3.49","53.01%"
"210000063519","850083008536","","","","mocca energy salted caramel gummies","2","$0.00","$0.00","$3.49","100%"
"210000063536","850051627196","","","","multi mushroom gummies","1","$8.98","$8.98","$19.99","55.08%"
"210000063558","733739005069","","","","choline 300mg 100cps now foods","2","$10.70","$5.35","$15.99","66.54%"
"210000063563","097467051645","","","","NAC pro 60vcps nature's plus","3","$15.54","$5.18","$13.99","62.97%"
"210000063565","021078007135","","","","quercetin activated 100cps","1","$0.01","$0.01","$19.99","99.95%"
"210000063629","641356046313","","","","wormwood 1oz la naturals","3","$20.00","$6.67","$15.99","58.31%"
"210000063631","641356167131","","","","lustrous hair for women la naturals","3","$30.60","$10.20","$23.99","57.48%"
"210000063655","049479001644","","","","enzyme complex vegetarian 90vcps futurebiotics","1","$6.84","$6.84","$16.99","59.74%"
"210000063675","733739026989","","","","spirulina 500mg 200vcps now foods","2","$16.18","$8.09","$17.99","55.03%"
"210000063869","811839032670","","","","turmeric 2oz global healing","3","$38.19","$12.73","$24.99","49.06%"
"210000063887","051494105801","","","","magnesium L-Threonate 90cps megafood","1","$0.01","$0.01","$45.99","99.98%"
"210000064005","097467051621","","","","NAC pro 1200 60cps nature's plus","3","$19.41","$6.47","$12.99","50.19%"
"210000064007","097467073272","","","","green tea 750mg 60vcps nature's plus","3","$25.26","$8.42","$11.00","23.45%"
"210000064009","097467475922","","","","dreaminol berry chewable 90tbs","2","$0.02","$0.01","$19.99","99.95%"
"210000064061","850043735526","","","","CBD + THC 2.5mg aura fizz 20 tablets","7","$88.13","$12.59","$21.00","40.05%"
"210000064079","3433764152291","","","","elderberry sea moss 60 capsules  herb to body","3","$24.30","$8.10","$16.59","51.18%"
"210000064081","3291854112583","","","","soursop living bitters mixed berry OG 8oz herb to body","3","$43.50","$14.50","$28.99","49.98%"
"210000064083","","","","","glass bottle empty amber w/MISTER spray 4oz","18","$19.80","$1.10","$2.69","59.11%"
"210000064085","696916106686","","","","wormwood kit Kroeger","2","$68.00","$34.00","$67.99","49.99%"
"210000064087","696916100400","","","","wormwood combination 100vcps kroeger","2","$11.90","$5.95","$16.99","64.98%"
"210000064103","733739003560","","","","D 3 2500 IU 180sgls NOW FOODS","1","$5.35","$5.35","$15.99","66.54%"
"210000064105","733739033734","","","","hair skin nails 90cps NOW FOODS","1","$14.84","$14.84","$29.99","50.52%"
"210000064129","780001953801","","","","throat soothers pastilles packet .42 oz St. Claire's","48","$36.00","$0.75","$1.49","49.66%"
"210000064138","741273404477","","","","pastilles watermelon 50gm","2","$10.78","$5.39","$11.99","55.05%"
"210000064142","684088700078","","","","silver 3 piece travel kit","3","$37.41","$12.47","$26.99","53.8%"
"210000064229","858961001419","","","","migraine headache therapy homeopathic","2","$11.34","$5.67","$11.99","52.71%"
"210000064235","","","","","vit D 1000IU 60 nature's plus","3","$25.41","$8.47","$15.99","47.03%"
"210000064250","785571128024","","","","kratom jolt 10pk super speciosa","2","$16.00","$8.00","$15.99","49.97%"
"210000064252","785571129403","","","","kratom tincture watermelon super speciosa","3","$36.00","$12.00","$23.99","49.98%"
"210000064258","051494105689","","","","turmeric fast acting 60cps megafood","1","$0.01","$0.01","$34.99","99.97%"
"210000064260","641356197206","","","","bacopa 90vcps la naturals","2","$16.78","$8.39","$19.99","58.03%"
"210000064262","641356039810","","","","dandelion1oz la naturals","3","$17.25","$5.75","$14.99","61.64%"
"210000064268","641356066519","","","","horsechestnut1oz la naturals","2","$10.50","$5.25","$14.99","64.98%"
"210000064270","641356042711","","","","milk thistle OG 1oz la naturals","3","$19.14","$6.38","$14.99","57.44%"
"210000064281","641356155800","","","","nettles 75vcps la naturals","2","$12.58","$6.29","$14.99","58.04%"
"210000064283","641356173705","","","","fenugreek vcps la naturals","1","$6.29","$6.29","$14.99","58.04%"
"210000064284","850042176139","","","","NMN 500","6","$127.44","$21.24","$49.99","57.51%"
"210000064288","850042176849","","","","NAD+ blood sugar support NMN berberine ALA","3","$63.72","$21.24","$49.99","57.51%"
"210000064290","850042176948","","","","NR300 resveratrol NAD longevity","2","$42.48","$21.24","$49.99","57.51%"
"210000064292","083000164613","","","","calcium magnesium  120 vcps nature's answer","2","$33.28","$16.64","$36.99","55.01%"
"210000064294","083000261060","","","","B12 methyl liquid spray","2","$23.44","$11.72","$22.99","49.02%"
"210000064296","811839033097","","","","toxin binder global healing","3","$53.49","$17.83","$34.99","49.04%"
"210000064298","811839032137","","","","oxy powder global healing","2","$30.56","$15.28","$29.99","49.05%"
"210000064300","811839033257","","","","microsomal foreign protein cleanse  global healing","3","$71.85","$23.95","$46.99","49.03%"
"210000064302","335824000203","","","","Oreganol  super strength 1oz","1","$28.04","$28.04","$52.99","47.08%"
"210000064304","355724001919","","","","thyro nourish 120cps ridgecrest herbals","2","$30.80","$15.40","$43.99","64.99%"
"210000064306","021078015345","","","","CoQ 10 200mg 60sgls","1","$13.01","$13.01","$29.99","56.62%"
"210000064308","854936003822","","","","ashwagandha stress wellness 60v capsules","3","$0.03","$0.01","$22.99","99.96%"
"210000064310","860009687585","","","","emotional 60v capsules","2","$21.56","$10.78","$22.99","53.11%"
"210000064312","858631002739","","","","everyday immune cleanse nasal spray","4","$0.04","$0.01","$6.00","99.83%"
"210000064314","858631002128","","","","allercleanse deep nasal spray","4","$0.04","$0.01","$5.00","99.8%"
"210000064316","850046938320","","","","cough & congestion spray homeopathic .67oz TRP","1","$0.01","$0.01","$9.99","99.9%"
"210000064320","850046938337","","","","mucus & sinus spray homeopathic .67oz TRP","1","$5.85","$5.85","$12.99","54.97%"
"210000064336","733739001696","","","","L-tryptophan 1000mg 60vcps NOW FOODS","1","$17.09","$17.09","$37.99","55.01%"
"210000064338","733739004673","","","","B12 methyl 1000mcg 250 lozenges NOW FOODS","2","$25.18","$12.59","$27.99","55.02%"
"210000064342","733739745934","","","","ashwagandha 450mg 120vcps NOW FOODS","2","$14.72","$7.36","$21.99","66.53%"
"210000064360","850051627325","","","","lion's mane cinnamon tincture fungies","2","$17.96","$8.98","$19.99","55.08%"
"210000064400","083502401209","","","","psyllium husk 12oz healthplus","1","$10.79","$10.79","$21.99","50.93%"
"210000064402","843119103657","","","","CBN stay asleep huckleberry 20mg 6 gummies charlotte's web","2","$7.78","$3.89","$7.99","51.31%"
"210000064405","857307003742","","","","vitamin E 1oz earth's care","2","$21.42","$10.71","$0.00",""
"210000064407","840081402511","","","","love my legs 60liquigels irwin","3","$55.65","$18.55","$37.99","51.17%"
"210000064439","853244003333","","","","joint collagen tbs","3","$41.10","$13.70","$39.99","65.74%"
"210000064441","083000011979","","","","graviola soursop 1 oz","1","$10.79","$10.79","$21.99","50.93%"
"210000064482","850043735380","","","","reshape 60 caps","6","$76.26","$12.71","$42.99","70.43%"
"210000064484","850043735373","","","","clarity 30 gummies","3","$38.46","$12.82","$39.99","67.94%"
"210000064486","850043735366","","","","peace 30 gummies","3","$33.06","$11.02","$39.99","72.44%"
"210000064496","710363592127","","","","collagen beauty 80liquigels irwin","4","$0.04","$0.01","$34.99","99.97%"
"210000064498","840081412312","","","","ashwagandha brain  healthy mood 60 liquigels irwin","2","$0.02","$0.01","$36.99","99.97%"
"210000064534","083502103530","","","","probiotic 180cps healthplus","1","$12.59","$12.59","$27.99","55.02%"
"210000064536","083502103721","","","","revitalize 60cps healthplus","2","$31.48","$15.74","$18.00","12.56%"
"210000064575","840081413081","","","","magnesium beets COQ10 60 liquigels irwin","2","$0.02","$0.01","$34.99","99.97%"
"210000064577","840081413128","","","","magnesium milk thistle 60 liquigels irwin","2","$0.02","$0.01","$34.99","99.97%"
"210000064579","840081413166","","","","power to sleep magnesium  60sgls irwin","2","$0.02","$0.01","$25.99","99.96%"
"210000064596","710363568191","","","","inflamma less 80liquigels","3","$55.61","$18.54","$34.99","47.02%"
"210000064636","641356046818","","","","yohimbe 1oz la naturals","2","$14.46","$7.23","$16.99","57.45%"
"210000064638","641356155107","","","","ginseng american raw la naturals","2","$24.46","$12.23","$23.99","49.02%"
"210000064640","641356155404","","","","hawthorn vcps la naturals","1","$7.13","$7.13","$13.99","49.04%"
"210000064644","3291854112033","","","","shilajit extract 4oz herb to body","2","$17.80","$8.90","$17.99","50.53%"
"210000064728","051494103333","","","","Methyl B12 vegan megafood 90 caps","2","$37.98","$18.99","$33.99","44.13%"
"210000064732","051494601709","","","","magnesium citrate glycinate malate megafood","1","$11.12","$11.12","$26.99","58.8%"
"210000064760","733739024329","","","","liver 100caps NOW FOODS","1","$7.69","$7.69","$21.99","65.03%"
"210000064819","856420006234","","","","seasonal support Allurtica 10 cps Utzy","12","$32.40","$2.70","$5.99","54.92%"
"210000064821","856420006210","","","","seasonal support Allurtica 40 cps Utzy","3","$21.54","$7.18","$17.99","60.09%"
"210000064823","856420006159","","","","melatonin micro low dose 120 cps Utzy","3","$23.97","$7.99","$19.99","60.03%"
"210000064825","856420006395","","","","nattokinase 60 cps Utzy","3","$35.94","$11.98","$29.99","60.05%"
"210000064827","856420006524","","","","magnesium & inositol drink mix strawberry 7.3oz Utzy","3","$53.94","$17.98","$34.99","48.61%"
"210000064829","665231610017","","","","tongkat ali extract 1oz","3","$48.60","$16.20","$39.99","59.49%"
"210000064856","306969099070","","","","camilia tumy 10 dose boiron","1","$0.01","$0.01","$9.99","99.9%"
"210000064886","097467996632","","","","multi source of life liquid gold 30ml","48","$38.40","$0.80","$2.99","73.24%"
"210000064888","097467303454","","","","multi women her journey 30tbs","1","$4.49","$4.49","$17.99","75.04%"
"210000064890","097467303416","","","","multi women her journey 30tbs","3","$26.94","$8.98","$17.99","50.08%"
"210000064900","878941009396","","","","power pak berry canister trace minerals","6","$149.76","$24.96","$39.99","37.58%"
"210000064902","878941000089","","","","trace mineral drops .5oz trace minerals","5","$19.20","$3.84","$8.49","54.77%"
"210000064904","878941009464","","","","concentrace daily mineral powder trace minerals","6","$95.94","$15.99","$38.99","58.99%"
"210000064906","878941007873","","","","zerolyte orange pkt single","74","$45.14","$0.61","$0.99","38.38%"
"210000064912","878941007859","","","","zerolyte citrus pkt single","82","$50.02","$0.61","$0.99","38.38%"
"210000064914","878941008863","","","","zerolyte mango pkt single","51","$31.11","$0.61","$0.99","38.38%"
"210000064916","878941007897","","","","zerolyte watermelon pkt single","78","$47.58","$0.61","$0.99","38.38%"
"210000064918","878941008870","","","","zerolyte berry lemonade pkt single","76","$46.36","$0.61","$0.99","38.38%"
"210000064930","021078101192","","","","calm child 4oz planetary","1","$11.55","$11.55","$24.99","53.78%"
"210000064943","633422696058","","","","chaga mushroom powder 100gm host defense","2","$23.98","$11.99","$28.99","58.64%"
"210000064963","810104620529","","","","grapefruit seed extract 1oz mary ruth's","1","$6.41","$6.41","$9.50","32.53%"
"210000065053","603573170059","","","","l-theanine  100mg 180vcps","2","$26.24","$13.12","$32.99","60.23%"
"210000065061","850051627219","","","","lion's mane chocolate tincture fungies","2","$17.96","$8.98","$19.99","55.08%"
"210000065063","641356048010","","","","kava gold 1oz la naturals","2","$14.46","$7.23","$17.99","59.81%"
"210000065087","040232176418","","","","lozenges orange vitamin C herbion","8","$15.54","$1.94","$3.49","44.34%"
"210000065089","040232605932","","","","throat spray ivy leaf","1","$3.45","$3.45","$7.99","56.82%"
"210000065143","","","","","empty roll on amber glass 10ml","98","$58.80","$0.60","$1.29","53.49%"
"210000065197","355724003203","","","","sereni zen stress management 60cps ridgecrest herbals","2","$20.00","$10.00","$24.99","59.98%"
"210000065201","355724001629","","","","dream on zen 60cps ridgecrest herbals","1","$0.01","$0.01","$28.99","99.97%"
"210000065205","733739015327","","","","zinc transporters 33mg 90 tbs NOW FOODS","1","$3.34","$3.34","$9.99","66.57%"
"210000065283","021078016748","","","","tongkat ali 60tbs source naturals","3","$72.87","$24.29","$43.99","44.78%"
"210000065287","603573395421","","","","magnesium glycinate chelate 120tbs healthy origins","2","$26.26","$13.13","$26.99","51.35%"
"210000065289","697903232007","","","","black seed oil 8.45oz talya","4","$36.00","$9.00","$21.99","59.07%"
"210000065408","706195106199","","","","wormwood 180vcps OWH","3","$39.99","$13.33","$39.99","66.67%"
"210000065410","706195004600","","","","damiana root 90vcps","2","$30.00","$15.00","$29.99","49.98%"
"210000065412","","","","","valerian hops 1oz OWH","3","$21.99","$7.33","$21.99","66.67%"
"210000065414","840081413265","","","","milk thistle triple detox 60sgls irwin","2","$0.02","$0.01","$29.99","99.97%"
"210000065505","733739012869","","","","magnesium glycinate 90sgls NOW FOODS","2","$12.04","$6.02","$17.99","66.54%"
"210000065507","733739029584","","","","digestive optimal 90vcps NOW FOODS","2","$14.72","$7.36","$21.99","66.53%"
"210000065527","036602091924","","","","cough drops berry ricola 45 drops bag","3","$6.81","$2.27","$6.99","67.53%"
"210000065529","306969065426","","","","chestal melt pellets boiron","3","$25.74","$8.58","$15.99","46.34%"
"210000065554","633422037011","","","","stamets 7 mushroom 30caps host defense","1","$0.01","$0.01","$16.99","99.94%"
"210000065574","843119103695","","","","CBN stay asleep huckleberry 20mg 60 gummies charlotte's web","1","$28.49","$28.49","$52.99","46.24%"
"210000065575","860005034901","","","","eye drops organic tears 10ml","1","$10.80","$10.80","$24.99","56.78%"
"210000065577","382431000331","","","","wonderbelly multi symptom vanilla bean","2","$12.00","$6.00","$15.99","62.48%"
"210000065588","733739031686","","","","pqq energy NOW FOODS","1","$13.49","$13.49","$26.99","50.02%"
"210000065592","083000162992","","","","mullein x respiratory nac zinc nature's answer","3","$33.72","$11.24","$24.99","55.02%"
"210000065613","008330000103","","","","calm belly relaxed mind 2oz equinox","2","$27.00","$13.50","$26.99","49.98%"
"210000065615","008330000141","","","","moon time cramp support equinox","3","$22.68","$7.56","$14.99","49.57%"
"210000065618","840081413449","","","","apple cider gummies irwin","4","$19.92","$4.98","$14.99","66.78%"
"210000065620","840081413524","","","","maca ashwagandha gummies irwin","2","$13.32","$6.66","$19.99","66.68%"
"210000065622","840081413685","","","","magnesium balance gummies irwin","4","$19.92","$4.98","$14.99","66.78%"
"210000065624","840081413562","","","","milk thistle detox gummies irwin","4","$26.64","$6.66","$19.99","66.68%"
"210000065626","840081413487","","","","stress defy gummies irwin","3","$19.98","$6.66","$19.99","66.68%"
"210000065628","840081413609","","","","testosterone up gummies irwin","4","$26.64","$6.66","$19.99","66.68%"
"210000065635","741273014492","","","","rescue sleep spray bach","1","$14.09","$14.09","$28.99","51.4%"
"210000065637","741273403166","","","","mood and stress gummies bach","2","$24.66","$12.33","$24.99","50.66%"
"210000065639","741273206910","","","","flower essence star of Bethlehem bach","2","$24.36","$12.18","$24.99","51.26%"
"210000065641","741273207016","","","","flower essence sweet chestnut bach","2","$24.36","$12.18","$24.99","51.26%"
"210000065643","843119103671","","","","CBN stay asleep huckleberry 20mg 30 gummies charlotte's web","1","$18.89","$18.89","$37.99","50.28%"
"210000065661","3291854122582","","","","mushroom bitters OG 16oz herb to body","6","$93.00","$15.50","$29.99","48.32%"
"210000065737","858631002517","","","","manuka honey cough syrup 4oz","3","$23.64","$7.88","$15.39","48.8%"
"210000065739","741273403616","","","","hope & joy kit bach","2","$22.48","$11.24","$24.99","55.02%"
"210000065775","608274101005","","","","children's echinacea liquid orange 1oz","1","$0.01","$0.01","$6.00","99.83%"
"210000065822","","","","","adult multiple life force energy activator 90tbs source naturals","1","$0.01","$0.01","$34.99","99.97%"
"210000065861","854936003570","","","","graviola soursop capsules bio nutrition","2","$22.00","$11.00","$22.99","52.15%"
"210000065942","733739030467","","","","alpha lipoic acid 600mg 60vcaps NOW FOODS","3","$29.37","$9.79","$27.99","65.02%"
"210000065944","733739045959","","","","ashwagandha 450mg 30vcps NOW FOODS","3","$10.02","$3.34","$9.99","66.57%"
"210000065946","733739046284","","","","cat's claw extract 120vcps Now Foods","3","$25.11","$8.37","$24.99","66.51%"
"210000065956","840081413227","","","","alpha choline brain  healthy muscle 60 liquigels irwin","2","$0.02","$0.01","$43.99","99.98%"
"210000065958","641356043213","","","","nettles 1oz la naturals","3","$19.14","$6.38","$14.99","57.44%"
"210000065960","023542108416","","","","kyolic garlic total heart #108 80cps","3","$27.63","$9.21","$20.99","56.12%"
"210000065962","041954000135","","","","herbalozenge lemon zinc 18 loz bag zand","2","$3.64","$1.82","$3.99","54.39%"
"210000065969","834706000138","","","","lozenges lemon ginger propolis beekeeper's natural","5","$21.90","$4.38","$8.99","51.28%"
"210000065983","083000011962","","","","lion's mane1oz nature's answer","3","$42.81","$14.27","$27.99","49.02%"
"210000065985","033674157916","","","","umcka original af syrup 2oz","2","$37.70","$18.85","$32.99","42.86%"
"210000065987","021078101451","","","","reishi 2oz planetary herbals","6","$22.08","$3.68","$14.99","75.45%"
"210000065989","021078105060","","","","oil of oregano .4oz planetary herbals","4","$26.40","$6.60","$21.99","69.99%"
"210000065991","021078106074","","","","wild cherry bark syrup children's 4oz planetary herbals","6","$26.10","$4.35","$15.99","72.8%"
"210000065993","021078106623","","","","chaga 2oz planetary herbals","6","$22.50","$3.75","$14.99","74.98%"
"210000066014","","","","","honey drops superfood mushroom 5 drops the apothecary","8","$20.00","$2.50","$4.99","49.9%"
"210000066016","","","","","lozenges cherry vitamin C herbion","6","$12.18","$2.03","$3.49","41.83%"
"210000066018","040232176364","","","","children's cough syrup herbion","3","$19.86","$6.62","$11.99","44.79%"
"210000066020","860012069217","","","","children's multi vitamin gummies herbion","3","$31.86","$10.62","$17.99","40.97%"
"210000066022","10040232605953","","","","cough drops ivy leaf honey lemon","5","$9.40","$1.88","$3.49","46.13%"
"210000066026","083000095603","","","","yerba mate extract af 1 oz","2","$14.98","$7.49","$19.99","62.53%"
"210000066028","083000262609","","","","mullein x lozenges nature's answer","3","$13.47","$4.49","$9.99","55.06%"
"210000066030","083000165825","","","","multi men's real food nature's answer","3","$53.97","$17.99","$39.99","55.01%"
"210000066122","850014658342","","","","glp1 booster powder unflavored 5.7oz supergut","3","$32.40","$10.80","$39.99","72.99%"
"210000066132","733739001269","","","","pharmaGABA 250mg  60vcpsNOW FOODS","3","$44.19","$14.73","$39.99","63.17%"
"210000066134","733739029836","","","","acid relief with enzymes 60tbs NOW FOODS","3","$20.07","$6.69","$19.99","66.53%"
"210000066140","733739700858","","","","NAC-acetyl cysteine 600mg 120vcp NOW FOODS","5","$53.95","$10.79","$23.99","55.02%"
"210000066146","051494105948","","","","omega 3 fish oil 60tbs megafood","3","$29.97","$9.99","$39.99","75.02%"
"210000066265","","","","","vit B nano dropper 2oz rawguru","6","$62.94","$10.49","$23.99","56.27%"
